study_ID,dataset_ID,year,author,title,obtained,area metric,log area,depth metric,log depth,volume metric,log volume,distance metric,log distance,sp rich metric,log sp rich,aqua terra,fresh saline,in situ lab,natural modified,taxa,archipelago_type,geographic location,local location,sample,isolated continuous,DNI,NDM,depth,volume,area,sp rich,standardised area (mm2),standardised species richness (OTUs) ,rho_per_mm2,rho in paper?,comment,old rho
1,1,2020,Li et al,"Island biogeography of soil bacteria and fungi: similar patterns, but different mechanisms",supplement,m2,no,cm,no,NA,NA,m,no,gamma div,no,terra,NA,in situ,natural,bacteria,terrestrial,china,thousand island natural,1,isolated,15,1160,10,NA,815,2342,815000000,2342,668,no,bacterial density estimation taken from Spatial Ecology of Bacteria at the Microscale in Soil raynaud & nunan 2014,
1,1,2020,Li et al,"Island biogeography of soil bacteria and fungi: similar patterns, but different mechanisms",supplement,m2,no,cm,no,NA,NA,m,no,gamma div,no,terra,NA,in situ,natural,bacteria,terrestrial,china,thousand island natural,2,isolated,15,2567,10,NA,1197,2212,1197000000,2212,668,no,have emailed one of the authors for cell density estimations,10000000000
1,1,2020,Li et al,"Island biogeography of soil bacteria and fungi: similar patterns, but different mechanisms",supplement,m2,no,cm,no,NA,NA,m,no,gamma div,no,terra,NA,in situ,natural,bacteria,terrestrial,china,thousand island natural,3,isolated,18,725,10,NA,1396,6070,1396000000,6070,668,no,,10000000000
1,1,2020,Li et al,"Island biogeography of soil bacteria and fungi: similar patterns, but different mechanisms",supplement,m2,no,cm,no,NA,NA,m,no,gamma div,no,terra,NA,in situ,natural,bacteria,terrestrial,china,thousand island natural,4,isolated,11,2511,10,NA,1870,4543,1870000000,4543,668,no,,10000000000
1,1,2020,Li et al,"Island biogeography of soil bacteria and fungi: similar patterns, but different mechanisms",supplement,m2,no,cm,no,NA,NA,m,no,gamma div,no,terra,NA,in situ,natural,bacteria,terrestrial,china,thousand island natural,5,isolated,18,694,10,NA,1890,5192,1890000000,5192,668,no,,10000000000
1,1,2020,Li et al,"Island biogeography of soil bacteria and fungi: similar patterns, but different mechanisms",supplement,m2,no,cm,no,NA,NA,m,no,gamma div,no,terra,NA,in situ,natural,bacteria,terrestrial,china,thousand island natural,6,isolated,136,3725,10,NA,2538,5636,2538000000,5636,668,no,,10000000000
1,1,2020,Li et al,"Island biogeography of soil bacteria and fungi: similar patterns, but different mechanisms",supplement,m2,no,cm,no,NA,NA,m,no,gamma div,no,terra,NA,in situ,natural,bacteria,terrestrial,china,thousand island natural,7,isolated,15,3044,10,NA,2550,4853,2550000000,4853,668,no,,10000000000
1,1,2020,Li et al,"Island biogeography of soil bacteria and fungi: similar patterns, but different mechanisms",supplement,m2,no,cm,no,NA,NA,m,no,gamma div,no,terra,NA,in situ,natural,bacteria,terrestrial,china,thousand island natural,8,isolated,90,3040,10,NA,2878,5881,2878000000,5881,668,no,,10000000000
1,1,2020,Li et al,"Island biogeography of soil bacteria and fungi: similar patterns, but different mechanisms",supplement,m2,no,cm,no,NA,NA,m,no,gamma div,no,terra,NA,in situ,natural,bacteria,terrestrial,china,thousand island natural,9,isolated,15,2615,10,NA,3645,6286,3645000000,6286,668,no,,10000000000
1,1,2020,Li et al,"Island biogeography of soil bacteria and fungi: similar patterns, but different mechanisms",supplement,m2,no,cm,no,NA,NA,m,no,gamma div,no,terra,NA,in situ,natural,bacteria,terrestrial,china,thousand island natural,10,isolated,26,3205,10,NA,3949,7965,3949000000,7965,668,no,,10000000000
1,1,2020,Li et al,"Island biogeography of soil bacteria and fungi: similar patterns, but different mechanisms",supplement,m2,no,cm,no,NA,NA,m,no,gamma div,no,terra,NA,in situ,natural,bacteria,terrestrial,china,thousand island natural,11,isolated,34,1228,10,NA,4160,6599,4160000000,6599,668,no,,10000000000
1,1,2020,Li et al,"Island biogeography of soil bacteria and fungi: similar patterns, but different mechanisms",supplement,m2,no,cm,no,NA,NA,m,no,gamma div,no,terra,NA,in situ,natural,bacteria,terrestrial,china,thousand island natural,12,isolated,121,2106,10,NA,4638,6225,4638000000,6225,668,no,,10000000000
1,1,2020,Li et al,"Island biogeography of soil bacteria and fungi: similar patterns, but different mechanisms",supplement,m2,no,cm,no,NA,NA,m,no,gamma div,no,terra,NA,in situ,natural,bacteria,terrestrial,china,thousand island natural,13,isolated,28,2363,10,NA,5307,6213,5307000000,6213,668,no,,10000000000
1,1,2020,Li et al,"Island biogeography of soil bacteria and fungi: similar patterns, but different mechanisms",supplement,m2,no,cm,no,NA,NA,m,no,gamma div,no,terra,NA,in situ,natural,bacteria,terrestrial,china,thousand island natural,14,isolated,78,2321,10,NA,6181,6094,6181000000,6094,668,no,,10000000000
1,1,2020,Li et al,"Island biogeography of soil bacteria and fungi: similar patterns, but different mechanisms",supplement,m2,no,cm,no,NA,NA,m,no,gamma div,no,terra,NA,in situ,natural,bacteria,terrestrial,china,thousand island natural,15,isolated,66,2128,10,NA,6876,6604,6876000000,6604,668,no,,10000000000
1,1,2020,Li et al,"Island biogeography of soil bacteria and fungi: similar patterns, but different mechanisms",supplement,m2,no,cm,no,NA,NA,m,no,gamma div,no,terra,NA,in situ,natural,bacteria,terrestrial,china,thousand island natural,16,isolated,15,3043,10,NA,7880,6913,7880000000,6913,668,no,,10000000000
1,1,2020,Li et al,"Island biogeography of soil bacteria and fungi: similar patterns, but different mechanisms",supplement,m2,no,cm,no,NA,NA,m,no,gamma div,no,terra,NA,in situ,natural,bacteria,terrestrial,china,thousand island natural,17,isolated,62,893,10,NA,8388,6467,8388000000,6467,668,no,,10000000000
1,1,2020,Li et al,"Island biogeography of soil bacteria and fungi: similar patterns, but different mechanisms",supplement,m2,no,cm,no,NA,NA,m,no,gamma div,no,terra,NA,in situ,natural,bacteria,terrestrial,china,thousand island natural,18,isolated,16,2471,10,NA,8542,7389,8542000000,7389,668,no,,10000000000
1,1,2020,Li et al,"Island biogeography of soil bacteria and fungi: similar patterns, but different mechanisms",supplement,m2,no,cm,no,NA,NA,m,no,gamma div,no,terra,NA,in situ,natural,bacteria,terrestrial,china,thousand island natural,19,isolated,23,3359,10,NA,8625,8310,8625000000,8310,668,no,,10000000000
1,1,2020,Li et al,"Island biogeography of soil bacteria and fungi: similar patterns, but different mechanisms",supplement,m2,no,cm,no,NA,NA,m,no,gamma div,no,terra,NA,in situ,natural,bacteria,terrestrial,china,thousand island natural,20,isolated,60,3547,10,NA,9856,6732,9856000000,6732,668,no,,10000000000
1,1,2020,Li et al,"Island biogeography of soil bacteria and fungi: similar patterns, but different mechanisms",supplement,m2,no,cm,no,NA,NA,m,no,gamma div,no,terra,NA,in situ,natural,bacteria,terrestrial,china,thousand island natural,21,isolated,15,1099,10,NA,13071,8629,13071000000,8629,668,no,,10000000000
1,1,2020,Li et al,"Island biogeography of soil bacteria and fungi: similar patterns, but different mechanisms",supplement,m2,no,cm,no,NA,NA,m,no,gamma div,no,terra,NA,in situ,natural,bacteria,terrestrial,china,thousand island natural,22,isolated,11,2494,10,NA,13172,10464,13172000000,10464,668,no,,10000000000
1,1,2020,Li et al,"Island biogeography of soil bacteria and fungi: similar patterns, but different mechanisms",supplement,m2,no,cm,no,NA,NA,m,no,gamma div,no,terra,NA,in situ,natural,bacteria,terrestrial,china,thousand island natural,23,isolated,53,1046,10,NA,13264,9397,13264000000,9397,668,no,,10000000000
1,1,2020,Li et al,"Island biogeography of soil bacteria and fungi: similar patterns, but different mechanisms",supplement,m2,no,cm,no,NA,NA,m,no,gamma div,no,terra,NA,in situ,natural,bacteria,terrestrial,china,thousand island natural,24,isolated,16,2576,10,NA,25619,8950,25619000000,8950,668,no,,10000000000
1,1,2020,Li et al,"Island biogeography of soil bacteria and fungi: similar patterns, but different mechanisms",supplement,m2,no,cm,no,NA,NA,m,no,gamma div,no,terra,NA,in situ,natural,bacteria,terrestrial,china,thousand island natural,25,isolated,30,2588,10,NA,36958,8894,36958000000,8894,668,no,,10000000000
1,1,2020,Li et al,"Island biogeography of soil bacteria and fungi: similar patterns, but different mechanisms",supplement,m2,no,cm,no,NA,NA,m,no,gamma div,no,terra,NA,in situ,natural,bacteria,terrestrial,china,thousand island natural,26,isolated,71,2164,10,NA,97930,10813,97930000000,10813,668,no,,10000000000
1,1,2020,Li et al,"Island biogeography of soil bacteria and fungi: similar patterns, but different mechanisms",supplement,m2,no,cm,no,NA,NA,m,no,gamma div,no,terra,NA,in situ,natural,bacteria,terrestrial,china,thousand island natural,27,isolated,67,1939,10,NA,274942,9200,2.74942E+11,9200,668,no,,10000000000
1,1,2020,Li et al,"Island biogeography of soil bacteria and fungi: similar patterns, but different mechanisms",supplement,m2,no,cm,no,NA,NA,m,no,gamma div,no,terra,NA,in situ,natural,bacteria,terrestrial,china,thousand island natural,28,isolated,32,950,10,NA,479759,10043,4.79759E+11,10043,668,no,,10000000000
1,1,2020,Li et al,"Island biogeography of soil bacteria and fungi: similar patterns, but different mechanisms",supplement,m2,no,cm,no,NA,NA,m,no,gamma div,no,terra,NA,in situ,natural,bacteria,terrestrial,china,thousand island natural,29,isolated,17,884,10,NA,11538756,11354,1.15388E+13,11354,668,no,,10000000000
1,2,2020,Li et al,"Island biogeography of soil bacteria and fungi: similar patterns, but different mechanisms",supplement,m2,no,cm,no,NA,NA,m,no,gamma div,no,terra,NA,in situ,natural,fungi,terrestrial,china,thousand island natural,1,isolated,15,1160,10,NA,815,624,815000000,624,400,no,2g soil = mean sequences 14822 ,106
1,2,2020,Li et al,"Island biogeography of soil bacteria and fungi: similar patterns, but different mechanisms",supplement,m2,no,cm,no,NA,NA,m,no,gamma div,no,terra,NA,in situ,natural,fungi,terrestrial,china,thousand island natural,2,isolated,15,2567,10,NA,1197,1301,1197000000,1301,400,no,made a guess for fungal soil density,106
1,2,2020,Li et al,"Island biogeography of soil bacteria and fungi: similar patterns, but different mechanisms",supplement,m2,no,cm,no,NA,NA,m,no,gamma div,no,terra,NA,in situ,natural,fungi,terrestrial,china,thousand island natural,3,isolated,18,725,10,NA,1396,1416,1396000000,1416,400,no,,106
1,2,2020,Li et al,"Island biogeography of soil bacteria and fungi: similar patterns, but different mechanisms",supplement,m2,no,cm,no,NA,NA,m,no,gamma div,no,terra,NA,in situ,natural,fungi,terrestrial,china,thousand island natural,4,isolated,11,2511,10,NA,1870,1196,1870000000,1196,400,no,,106
1,2,2020,Li et al,"Island biogeography of soil bacteria and fungi: similar patterns, but different mechanisms",supplement,m2,no,cm,no,NA,NA,m,no,gamma div,no,terra,NA,in situ,natural,fungi,terrestrial,china,thousand island natural,5,isolated,18,694,10,NA,1890,1466,1890000000,1466,400,no,,106
1,2,2020,Li et al,"Island biogeography of soil bacteria and fungi: similar patterns, but different mechanisms",supplement,m2,no,cm,no,NA,NA,m,no,gamma div,no,terra,NA,in situ,natural,fungi,terrestrial,china,thousand island natural,6,isolated,136,3725,10,NA,2538,1743,2538000000,1743,400,no,,106
1,2,2020,Li et al,"Island biogeography of soil bacteria and fungi: similar patterns, but different mechanisms",supplement,m2,no,cm,no,NA,NA,m,no,gamma div,no,terra,NA,in situ,natural,fungi,terrestrial,china,thousand island natural,7,isolated,15,3044,10,NA,2550,1301,2550000000,1301,400,no,,106
1,2,2020,Li et al,"Island biogeography of soil bacteria and fungi: similar patterns, but different mechanisms",supplement,m2,no,cm,no,NA,NA,m,no,gamma div,no,terra,NA,in situ,natural,fungi,terrestrial,china,thousand island natural,8,isolated,90,3040,10,NA,2878,1675,2878000000,1675,400,no,,106
1,2,2020,Li et al,"Island biogeography of soil bacteria and fungi: similar patterns, but different mechanisms",supplement,m2,no,cm,no,NA,NA,m,no,gamma div,no,terra,NA,in situ,natural,fungi,terrestrial,china,thousand island natural,9,isolated,15,2615,10,NA,3645,1812,3645000000,1812,400,no,,106
1,2,2020,Li et al,"Island biogeography of soil bacteria and fungi: similar patterns, but different mechanisms",supplement,m2,no,cm,no,NA,NA,m,no,gamma div,no,terra,NA,in situ,natural,fungi,terrestrial,china,thousand island natural,10,isolated,26,3205,10,NA,3949,2576,3949000000,2576,400,no,,106
1,2,2020,Li et al,"Island biogeography of soil bacteria and fungi: similar patterns, but different mechanisms",supplement,m2,no,cm,no,NA,NA,m,no,gamma div,no,terra,NA,in situ,natural,fungi,terrestrial,china,thousand island natural,11,isolated,34,1228,10,NA,4160,2209,4160000000,2209,400,no,,106
1,2,2020,Li et al,"Island biogeography of soil bacteria and fungi: similar patterns, but different mechanisms",supplement,m2,no,cm,no,NA,NA,m,no,gamma div,no,terra,NA,in situ,natural,fungi,terrestrial,china,thousand island natural,12,isolated,121,2106,10,NA,4638,1842,4638000000,1842,400,no,,106
1,2,2020,Li et al,"Island biogeography of soil bacteria and fungi: similar patterns, but different mechanisms",supplement,m2,no,cm,no,NA,NA,m,no,gamma div,no,terra,NA,in situ,natural,fungi,terrestrial,china,thousand island natural,13,isolated,28,2363,10,NA,5307,1896,5307000000,1896,400,no,,106
1,2,2020,Li et al,"Island biogeography of soil bacteria and fungi: similar patterns, but different mechanisms",supplement,m2,no,cm,no,NA,NA,m,no,gamma div,no,terra,NA,in situ,natural,fungi,terrestrial,china,thousand island natural,14,isolated,78,2321,10,NA,6181,1760,6181000000,1760,400,no,,106
1,2,2020,Li et al,"Island biogeography of soil bacteria and fungi: similar patterns, but different mechanisms",supplement,m2,no,cm,no,NA,NA,m,no,gamma div,no,terra,NA,in situ,natural,fungi,terrestrial,china,thousand island natural,15,isolated,66,2128,10,NA,6876,2688,6876000000,2688,400,no,,106
1,2,2020,Li et al,"Island biogeography of soil bacteria and fungi: similar patterns, but different mechanisms",supplement,m2,no,cm,no,NA,NA,m,no,gamma div,no,terra,NA,in situ,natural,fungi,terrestrial,china,thousand island natural,16,isolated,15,3043,10,NA,7880,2059,7880000000,2059,400,no,,106
1,2,2020,Li et al,"Island biogeography of soil bacteria and fungi: similar patterns, but different mechanisms",supplement,m2,no,cm,no,NA,NA,m,no,gamma div,no,terra,NA,in situ,natural,fungi,terrestrial,china,thousand island natural,17,isolated,62,893,10,NA,8388,2258,8388000000,2258,400,no,,106
1,2,2020,Li et al,"Island biogeography of soil bacteria and fungi: similar patterns, but different mechanisms",supplement,m2,no,cm,no,NA,NA,m,no,gamma div,no,terra,NA,in situ,natural,fungi,terrestrial,china,thousand island natural,18,isolated,16,2471,10,NA,8542,2635,8542000000,2635,400,no,,106
1,2,2020,Li et al,"Island biogeography of soil bacteria and fungi: similar patterns, but different mechanisms",supplement,m2,no,cm,no,NA,NA,m,no,gamma div,no,terra,NA,in situ,natural,fungi,terrestrial,china,thousand island natural,19,isolated,23,3359,10,NA,8625,2831,8625000000,2831,400,no,,106
1,2,2020,Li et al,"Island biogeography of soil bacteria and fungi: similar patterns, but different mechanisms",supplement,m2,no,cm,no,NA,NA,m,no,gamma div,no,terra,NA,in situ,natural,fungi,terrestrial,china,thousand island natural,20,isolated,60,3547,10,NA,9856,2156,9856000000,2156,400,no,,106
1,2,2020,Li et al,"Island biogeography of soil bacteria and fungi: similar patterns, but different mechanisms",supplement,m2,no,cm,no,NA,NA,m,no,gamma div,no,terra,NA,in situ,natural,fungi,terrestrial,china,thousand island natural,21,isolated,15,1099,10,NA,13071,3213,13071000000,3213,400,no,,106
1,2,2020,Li et al,"Island biogeography of soil bacteria and fungi: similar patterns, but different mechanisms",supplement,m2,no,cm,no,NA,NA,m,no,gamma div,no,terra,NA,in situ,natural,fungi,terrestrial,china,thousand island natural,22,isolated,11,2494,10,NA,13172,2765,13172000000,2765,400,no,,106
1,2,2020,Li et al,"Island biogeography of soil bacteria and fungi: similar patterns, but different mechanisms",supplement,m2,no,cm,no,NA,NA,m,no,gamma div,no,terra,NA,in situ,natural,fungi,terrestrial,china,thousand island natural,23,isolated,53,1046,10,NA,13264,2681,13264000000,2681,400,no,,106
1,2,2020,Li et al,"Island biogeography of soil bacteria and fungi: similar patterns, but different mechanisms",supplement,m2,no,cm,no,NA,NA,m,no,gamma div,no,terra,NA,in situ,natural,fungi,terrestrial,china,thousand island natural,24,isolated,16,2576,10,NA,25619,3555,25619000000,3555,400,no,,106
1,2,2020,Li et al,"Island biogeography of soil bacteria and fungi: similar patterns, but different mechanisms",supplement,m2,no,cm,no,NA,NA,m,no,gamma div,no,terra,NA,in situ,natural,fungi,terrestrial,china,thousand island natural,25,isolated,30,2588,10,NA,36958,3161,36958000000,3161,400,no,,106
1,2,2020,Li et al,"Island biogeography of soil bacteria and fungi: similar patterns, but different mechanisms",supplement,m2,no,cm,no,NA,NA,m,no,gamma div,no,terra,NA,in situ,natural,fungi,terrestrial,china,thousand island natural,26,isolated,71,2164,10,NA,97930,3390,97930000000,3390,400,no,,106
1,2,2020,Li et al,"Island biogeography of soil bacteria and fungi: similar patterns, but different mechanisms",supplement,m2,no,cm,no,NA,NA,m,no,gamma div,no,terra,NA,in situ,natural,fungi,terrestrial,china,thousand island natural,27,isolated,67,1939,10,NA,274942,3364,2.74942E+11,3364,400,no,,106
1,2,2020,Li et al,"Island biogeography of soil bacteria and fungi: similar patterns, but different mechanisms",supplement,m2,no,cm,no,NA,NA,m,no,gamma div,no,terra,NA,in situ,natural,fungi,terrestrial,china,thousand island natural,28,isolated,32,950,10,NA,479759,3719,4.79759E+11,3719,400,no,,106
1,2,2020,Li et al,"Island biogeography of soil bacteria and fungi: similar patterns, but different mechanisms",supplement,m2,no,cm,no,NA,NA,m,no,gamma div,no,terra,NA,in situ,natural,fungi,terrestrial,china,thousand island natural,29,isolated,17,884,10,NA,11538756,3866,1.15388E+13,3866,400,no,,106
2,3,2019,Juttner et al,The genus Eunotia (Bacillariophyta) in the Falkland Islands and species-area relationships in sub-Antarctic islands (Juttner et al 2019),author,km2,no,NA,NA,NA,NA,NA,NA,species,no,aqua,fresh,in situ,natural,algae,inland_waters,antarctica,ile amsterdam,NA,isolated,NA,NA,NA,NA,55,5,5.5E+13,5,1,,have emailed one of the authors for cell density estimations,
2,3,2019,Juttner et al,The genus Eunotia (Bacillariophyta) in the Falkland Islands and species-area relationships in sub-Antarctic islands (Juttner et al 2019),author,km2,no,NA,NA,NA,NA,NA,NA,species,no,aqua,fresh,in situ,natural,algae,inland_waters,antarctica,macquarie,NA,isolated,NA,NA,NA,NA,128,2,1.28E+14,2,1,,made a guess of one because it's per mm across the whole island,
2,3,2019,Juttner et al,The genus Eunotia (Bacillariophyta) in the Falkland Islands and species-area relationships in sub-Antarctic islands (Juttner et al 2019),author,km2,no,NA,NA,NA,NA,NA,NA,species,no,aqua,fresh,in situ,natural,algae,inland_waters,antarctica,prince edward islands,NA,isolated,NA,NA,NA,NA,335,4,3.35E+14,4,1,,,
2,3,2019,Juttner et al,The genus Eunotia (Bacillariophyta) in the Falkland Islands and species-area relationships in sub-Antarctic islands (Juttner et al 2019),author,km2,no,NA,NA,NA,NA,NA,NA,species,no,aqua,fresh,in situ,natural,algae,inland_waters,antarctica,iles crozet,NA,isolated,NA,NA,NA,NA,352,5,3.52E+14,5,1,,,
2,3,2019,Juttner et al,The genus Eunotia (Bacillariophyta) in the Falkland Islands and species-area relationships in sub-Antarctic islands (Juttner et al 2019),author,km2,no,NA,NA,NA,NA,NA,NA,species,no,aqua,fresh,in situ,natural,algae,inland_waters,antarctica,heard island,NA,isolated,NA,NA,NA,NA,368,5,3.68E+14,5,1,,,
2,3,2019,Juttner et al,The genus Eunotia (Bacillariophyta) in the Falkland Islands and species-area relationships in sub-Antarctic islands (Juttner et al 2019),author,km2,no,NA,NA,NA,NA,NA,NA,species,no,aqua,fresh,in situ,natural,algae,inland_waters,antarctica,south shetland,NA,isolated,NA,NA,NA,NA,3687,3,3.687E+15,3,1,,,
2,3,2019,Juttner et al,The genus Eunotia (Bacillariophyta) in the Falkland Islands and species-area relationships in sub-Antarctic islands (Juttner et al 2019),author,km2,no,NA,NA,NA,NA,NA,NA,species,no,aqua,fresh,in situ,natural,algae,inland_waters,antarctica,south georgia,NA,isolated,NA,NA,NA,NA,3755,8,3.755E+15,8,1,,,
2,3,2019,Juttner et al,The genus Eunotia (Bacillariophyta) in the Falkland Islands and species-area relationships in sub-Antarctic islands (Juttner et al 2019),author,km3,no,NA,NA,NA,NA,NA,NA,species,no,aqua,fresh,in situ,natural,algae,inland_waters,antarctica,iles kerguelen,NA,isolated,NA,NA,NA,NA,7215,8,7.215E+15,8,1,,,
2,3,2019,Juttner et al,The genus Eunotia (Bacillariophyta) in the Falkland Islands and species-area relationships in sub-Antarctic islands (Juttner et al 2019),author,km2,no,NA,NA,NA,NA,NA,NA,species,no,aqua,fresh,in situ,natural,algae,inland_waters,antarctica,faulkland islands,NA,isolated,NA,NA,NA,NA,12173,15,1.2173E+16,15,1,,,
3,4,2018,Battes et al,"Species-area relationships for aquatic biota in several shallow naturals from the Fizeș Valley (Transylvania, Romania)",author,ha,no,m,no,NA,NA,NA,NA,taxa,no,aqua,fresh,in situ,modified,algae,inland_waters,romania,lake nasal,NA,isolated,NA,NA,2.5,NA,5,42,50000000000,42,1,,depths estimated,
3,4,2018,Battes et al,"Species-area relationships for aquatic biota in several shallow naturals from the Fizeș Valley (Transylvania, Romania)",author,ha,no,m,no,NA,NA,NA,NA,taxa,no,aqua,fresh,in situ,modified,algae,inland_waters,romania,lake rosieni,NA,isolated,NA,NA,1,NA,18,84,1.8E+11,84,1,,made a guess of one because it's per mm across large lakes,
3,4,2018,Battes et al,"Species-area relationships for aquatic biota in several shallow naturals from the Fizeș Valley (Transylvania, Romania)",author,ha,no,m,no,NA,NA,NA,NA,taxa,no,aqua,fresh,in situ,modified,algae,inland_waters,romania,lake catina,NA,isolated,NA,NA,1.5,NA,30,92,3E+11,92,1,,have emailed author for info on density,
3,4,2018,Battes et al,"Species-area relationships for aquatic biota in several shallow naturals from the Fizeș Valley (Transylvania, Romania)",author,ha,no,m,no,NA,NA,NA,NA,taxa,no,aqua,fresh,in situ,modified,algae,inland_waters,romania,lake suctard 1,NA,isolated,NA,NA,1.5,NA,45,92,4.5E+11,92,1,,,
3,4,2018,Battes et al,"Species-area relationships for aquatic biota in several shallow naturals from the Fizeș Valley (Transylvania, Romania)",author,ha,no,m,no,NA,NA,NA,NA,taxa,no,aqua,fresh,in situ,modified,algae,inland_waters,romania,lake stiucii,NA,isolated,NA,NA,7,NA,38,96,3.8E+11,96,1,,,
3,4,2018,Battes et al,"Species-area relationships for aquatic biota in several shallow naturals from the Fizeș Valley (Transylvania, Romania)",author,ha,no,m,no,NA,NA,NA,NA,taxa,no,aqua,fresh,in situ,modified,algae,inland_waters,romania,lake geaca II,NA,isolated,NA,NA,1.5,NA,14,97,1.4E+11,97,1,,,
3,4,2018,Battes et al,"Species-area relationships for aquatic biota in several shallow naturals from the Fizeș Valley (Transylvania, Romania)",author,ha,no,m,no,NA,NA,NA,NA,taxa,no,aqua,fresh,in situ,modified,algae,inland_waters,romania,lake sfantu florian,NA,isolated,NA,NA,1.5,NA,97,102,9.7E+11,102,1,,,
3,4,2018,Battes et al,"Species-area relationships for aquatic biota in several shallow naturals from the Fizeș Valley (Transylvania, Romania)",author,ha,no,m,no,NA,NA,NA,NA,taxa,no,aqua,fresh,in situ,modified,algae,inland_waters,romania,lake taga mare,NA,isolated,NA,NA,2,NA,8,104,80000000000,104,1,,,
3,4,2018,Battes et al,"Species-area relationships for aquatic biota in several shallow naturals from the Fizeș Valley (Transylvania, Romania)",author,ha,no,m,no,NA,NA,NA,NA,taxa,no,aqua,fresh,in situ,modified,algae,inland_waters,romania,lake suctard 2,NA,isolated,NA,NA,7,NA,40,113,4E+11,113,1,,,
3,4,2018,Battes et al,"Species-area relationships for aquatic biota in several shallow naturals from the Fizeș Valley (Transylvania, Romania)",author,ha,no,m,no,NA,NA,NA,NA,taxa,no,aqua,fresh,in situ,natural,algae,inland_waters,romania,lake geaca III,NA,isolated,NA,NA,2,NA,12,120,1.2E+11,120,1,,,
4,5,2018,Darcy et al,Island Biogeography of Cryoconite Hole Bacteria in Antarctica's Taylor Valley and Around the World,author,cm2,no,NA,NA,NA,NA,NA,NA,OTUs,no,aqua,saline,in situ,natural,bacteria,inland_waters,antarctica,Canada,caa001cryo,isolated,NA,NA,NA,NA,615.7521601,708,61575.21601,708,1000000,,estimated area from hole diameter measurements,
4,5,2018,Darcy et al,Island Biogeography of Cryoconite Hole Bacteria in Antarctica's Taylor Valley and Around the World,author,cm2,no,NA,NA,NA,NA,NA,NA,OTUs,no,aqua,saline,in situ,natural,bacteria,inland_waters,antarctica,Canada,caa002cryo,isolated,NA,NA,NA,NA,572.5552611,734,57255.52611,734,1000000,,took estimate from this paper https://www.frontiersin.org/articles/10.3389/fmicb.2019.01366/full if we assume 1mm2 = 1 g,
4,5,2018,Darcy et al,Island Biogeography of Cryoconite Hole Bacteria in Antarctica's Taylor Valley and Around the World,author,cm2,no,NA,NA,NA,NA,NA,NA,OTUs,no,aqua,saline,in situ,natural,bacteria,inland_waters,antarctica,Canada,caa003cryo,isolated,NA,NA,NA,NA,530.9291585,534,53092.91585,534,1000000,,have emailed the author for her opinion,
4,5,2018,Darcy et al,Island Biogeography of Cryoconite Hole Bacteria in Antarctica's Taylor Valley and Around the World,author,cm2,no,NA,NA,NA,NA,NA,NA,OTUs,no,aqua,saline,in situ,natural,bacteria,inland_waters,antarctica,Canada,caa004cryo,isolated,NA,NA,NA,NA,452.3893421,772,45238.93421,772,1000000,,,
4,5,2018,Darcy et al,Island Biogeography of Cryoconite Hole Bacteria in Antarctica's Taylor Valley and Around the World,author,cm2,no,NA,NA,NA,NA,NA,NA,OTUs,no,aqua,saline,in situ,natural,bacteria,inland_waters,antarctica,Canada,caa005cryo,isolated,NA,NA,NA,NA,261.5866758,652,26158.66758,652,1000000,,,
4,5,2018,Darcy et al,Island Biogeography of Cryoconite Hole Bacteria in Antarctica's Taylor Valley and Around the World,author,cm2,no,NA,NA,NA,NA,NA,NA,OTUs,no,aqua,saline,in situ,natural,bacteria,inland_waters,antarctica,Canada,caa006cryo,isolated,NA,NA,NA,NA,397.6078202,698,39760.78202,698,1000000,,,
4,5,2018,Darcy et al,Island Biogeography of Cryoconite Hole Bacteria in Antarctica's Taylor Valley and Around the World,author,cm2,no,NA,NA,NA,NA,NA,NA,OTUs,no,aqua,saline,in situ,natural,bacteria,inland_waters,antarctica,Canada,caa007cryo,isolated,NA,NA,NA,NA,397.6078202,562,39760.78202,562,1000000,,,
4,5,2018,Darcy et al,Island Biogeography of Cryoconite Hole Bacteria in Antarctica's Taylor Valley and Around the World,author,cm2,no,NA,NA,NA,NA,NA,NA,OTUs,no,aqua,saline,in situ,natural,bacteria,inland_waters,antarctica,Canada,caa008cryo,isolated,NA,NA,NA,NA,283.528737,503,28352.8737,503,1000000,,,
4,5,2018,Darcy et al,Island Biogeography of Cryoconite Hole Bacteria in Antarctica's Taylor Valley and Around the World,author,cm2,no,NA,NA,NA,NA,NA,NA,OTUs,no,aqua,saline,in situ,natural,bacteria,inland_waters,antarctica,Canada,caa009cryo,isolated,NA,NA,NA,NA,490.8738521,668,49087.38521,668,1000000,,,
4,5,2018,Darcy et al,Island Biogeography of Cryoconite Hole Bacteria in Antarctica's Taylor Valley and Around the World,author,cm2,no,NA,NA,NA,NA,NA,NA,OTUs,no,aqua,saline,in situ,natural,bacteria,inland_waters,antarctica,Canada,caa010cryo,isolated,NA,NA,NA,NA,510.7051557,512,51070.51557,512,1000000,,,
4,5,2018,Darcy et al,Island Biogeography of Cryoconite Hole Bacteria in Antarctica's Taylor Valley and Around the World,author,cm2,no,NA,NA,NA,NA,NA,NA,OTUs,no,aqua,saline,in situ,natural,bacteria,inland_waters,antarctica,Canada,caa011cryo,isolated,NA,NA,NA,NA,452.3893421,582,45238.93421,582,1000000,,,
4,5,2018,Darcy et al,Island Biogeography of Cryoconite Hole Bacteria in Antarctica's Taylor Valley and Around the World,author,cm2,no,NA,NA,NA,NA,NA,NA,OTUs,no,aqua,saline,in situ,natural,bacteria,inland_waters,antarctica,Canada,caa012cryo,isolated,NA,NA,NA,NA,213.82465,493,21382.465,493,1000000,,,
4,5,2018,Darcy et al,Island Biogeography of Cryoconite Hole Bacteria in Antarctica's Taylor Valley and Around the World,author,cm2,no,NA,NA,NA,NA,NA,NA,OTUs,no,aqua,saline,in situ,natural,bacteria,inland_waters,antarctica,Canada,caa013cryo,isolated,NA,NA,NA,NA,314.1592654,698,31415.92654,698,1000000,,,
4,5,2018,Darcy et al,Island Biogeography of Cryoconite Hole Bacteria in Antarctica's Taylor Valley and Around the World,author,cm2,no,NA,NA,NA,NA,NA,NA,OTUs,no,aqua,saline,in situ,natural,bacteria,inland_waters,antarctica,Canada,caa014cryo,isolated,NA,NA,NA,NA,363.050301,613,36305.0301,613,1000000,,,
4,5,2018,Darcy et al,Island Biogeography of Cryoconite Hole Bacteria in Antarctica's Taylor Valley and Around the World,author,cm2,no,NA,NA,NA,NA,NA,NA,OTUs,no,aqua,saline,in situ,natural,bacteria,inland_waters,antarctica,Canada,caa015cryo,isolated,NA,NA,NA,NA,415.4756284,690,41547.56284,690,1000000,,,
4,5,2018,Darcy et al,Island Biogeography of Cryoconite Hole Bacteria in Antarctica's Taylor Valley and Around the World,author,cm2,no,NA,NA,NA,NA,NA,NA,OTUs,no,aqua,saline,in situ,natural,bacteria,inland_waters,antarctica,Canada,caa016cryo,isolated,NA,NA,NA,NA,254.4690049,580,25446.90049,580,1000000,,,
4,5,2018,Darcy et al,Island Biogeography of Cryoconite Hole Bacteria in Antarctica's Taylor Valley and Around the World,author,cm2,no,NA,NA,NA,NA,NA,NA,OTUs,no,aqua,saline,in situ,natural,bacteria,inland_waters,antarctica,Canada,caa017cryo,isolated,NA,NA,NA,NA,490.8738521,721,49087.38521,721,1000000,,,
4,5,2018,Darcy et al,Island Biogeography of Cryoconite Hole Bacteria in Antarctica's Taylor Valley and Around the World,author,cm2,no,NA,NA,NA,NA,NA,NA,OTUs,no,aqua,saline,in situ,natural,bacteria,inland_waters,antarctica,Canada,caa018cryo,isolated,NA,NA,NA,NA,415.4756284,701,41547.56284,701,1000000,,,
4,5,2018,Darcy et al,Island Biogeography of Cryoconite Hole Bacteria in Antarctica's Taylor Valley and Around the World,author,cm2,no,NA,NA,NA,NA,NA,NA,OTUs,no,aqua,saline,in situ,natural,bacteria,inland_waters,antarctica,Canada,caa019cryo,isolated,NA,NA,NA,NA,380.1327111,681,38013.27111,681,1000000,,,
4,5,2018,Darcy et al,Island Biogeography of Cryoconite Hole Bacteria in Antarctica's Taylor Valley and Around the World,author,cm2,no,NA,NA,NA,NA,NA,NA,OTUs,no,aqua,saline,in situ,natural,bacteria,inland_waters,antarctica,Canada,caa020cryo,isolated,NA,NA,NA,NA,176.7145868,717,17671.45868,717,1000000,,,
4,5,2018,Darcy et al,Island Biogeography of Cryoconite Hole Bacteria in Antarctica's Taylor Valley and Around the World,author,cm2,no,NA,NA,NA,NA,NA,NA,OTUs,no,aqua,saline,in situ,natural,bacteria,inland_waters,antarctica,Canada,caa021cryo,isolated,NA,NA,NA,NA,165.1299639,647,16512.99639,647,1000000,,,
4,5,2018,Darcy et al,Island Biogeography of Cryoconite Hole Bacteria in Antarctica's Taylor Valley and Around the World,author,cm2,no,NA,NA,NA,NA,NA,NA,OTUs,no,aqua,saline,in situ,natural,bacteria,inland_waters,antarctica,Canada,caa022cryo,isolated,NA,NA,NA,NA,433.7361357,690,43373.61357,690,1000000,,,
4,5,2018,Darcy et al,Island Biogeography of Cryoconite Hole Bacteria in Antarctica's Taylor Valley and Around the World,author,cm2,no,NA,NA,NA,NA,NA,NA,OTUs,no,aqua,saline,in situ,natural,bacteria,inland_waters,antarctica,Canada,caa023cryo,isolated,NA,NA,NA,NA,298.6476516,660,29864.76516,660,1000000,,,
4,5,2018,Darcy et al,Island Biogeography of Cryoconite Hole Bacteria in Antarctica's Taylor Valley and Around the World,author,cm2,no,NA,NA,NA,NA,NA,NA,OTUs,no,aqua,saline,in situ,natural,bacteria,inland_waters,antarctica,Canada,caa024cryo,isolated,NA,NA,NA,NA,346.3605901,651,34636.05901,651,1000000,,,
4,5,2018,Darcy et al,Island Biogeography of Cryoconite Hole Bacteria in Antarctica's Taylor Valley and Around the World,author,cm2,no,NA,NA,NA,NA,NA,NA,OTUs,no,aqua,saline,in situ,natural,bacteria,inland_waters,antarctica,Canada,caa025cryo,isolated,NA,NA,NA,NA,283.528737,680,28352.8737,680,1000000,,,
4,5,2018,Darcy et al,Island Biogeography of Cryoconite Hole Bacteria in Antarctica's Taylor Valley and Around the World,author,cm2,no,NA,NA,NA,NA,NA,NA,OTUs,no,aqua,saline,in situ,natural,bacteria,inland_waters,antarctica,Canada,caa026cryo,isolated,NA,NA,NA,NA,132.7322896,516,13273.22896,516,1000000,,,
4,5,2018,Darcy et al,Island Biogeography of Cryoconite Hole Bacteria in Antarctica's Taylor Valley and Around the World,author,cm2,no,NA,NA,NA,NA,NA,NA,OTUs,no,aqua,saline,in situ,natural,bacteria,inland_waters,antarctica,Canada,caa027cryo,isolated,NA,NA,NA,NA,330.0635782,703,33006.35782,703,1000000,,,
4,5,2018,Darcy et al,Island Biogeography of Cryoconite Hole Bacteria in Antarctica's Taylor Valley and Around the World,author,cm2,no,NA,NA,NA,NA,NA,NA,OTUs,no,aqua,saline,in situ,natural,bacteria,inland_waters,antarctica,Canada,caa028cryo,isolated,NA,NA,NA,NA,283.528737,755,28352.8737,755,1000000,,,
4,5,2018,Darcy et al,Island Biogeography of Cryoconite Hole Bacteria in Antarctica's Taylor Valley and Around the World,author,cm2,no,NA,NA,NA,NA,NA,NA,OTUs,no,aqua,saline,in situ,natural,bacteria,inland_waters,antarctica,Canada,caa029cryo,isolated,NA,NA,NA,NA,176.7145868,702,17671.45868,702,1000000,,,
4,5,2018,Darcy et al,Island Biogeography of Cryoconite Hole Bacteria in Antarctica's Taylor Valley and Around the World,author,cm2,no,NA,NA,NA,NA,NA,NA,OTUs,no,aqua,saline,in situ,natural,bacteria,inland_waters,antarctica,Canada,caa030cryo,isolated,NA,NA,NA,NA,188.6919088,725,18869.19088,725,1000000,,,
4,5,2018,Darcy et al,Island Biogeography of Cryoconite Hole Bacteria in Antarctica's Taylor Valley and Around the World,author,cm2,no,NA,NA,NA,NA,NA,NA,OTUs,no,aqua,saline,in situ,natural,bacteria,inland_waters,antarctica,Commonwealth,coh001cryo,isolated,NA,NA,NA,NA,254.4690049,644,25446.90049,644,1000000,,,
4,5,2018,Darcy et al,Island Biogeography of Cryoconite Hole Bacteria in Antarctica's Taylor Valley and Around the World,author,cm2,no,NA,NA,NA,NA,NA,NA,OTUs,no,aqua,saline,in situ,natural,bacteria,inland_waters,antarctica,Commonwealth,coh002cryo,isolated,NA,NA,NA,NA,615.7521601,804,61575.21601,804,1000000,,,
4,5,2018,Darcy et al,Island Biogeography of Cryoconite Hole Bacteria in Antarctica's Taylor Valley and Around the World,author,cm2,no,NA,NA,NA,NA,NA,NA,OTUs,no,aqua,saline,in situ,natural,bacteria,inland_waters,antarctica,Commonwealth,coh003cryo,isolated,NA,NA,NA,NA,754.767635,721,75476.7635,721,1000000,,,
4,5,2018,Darcy et al,Island Biogeography of Cryoconite Hole Bacteria in Antarctica's Taylor Valley and Around the World,author,cm2,no,NA,NA,NA,NA,NA,NA,OTUs,no,aqua,saline,in situ,natural,bacteria,inland_waters,antarctica,Commonwealth,coh004cryo,isolated,NA,NA,NA,NA,397.6078202,596,39760.78202,596,1000000,,,
4,5,2018,Darcy et al,Island Biogeography of Cryoconite Hole Bacteria in Antarctica's Taylor Valley and Around the World,author,cm2,no,NA,NA,NA,NA,NA,NA,OTUs,no,aqua,saline,in situ,natural,bacteria,inland_waters,antarctica,Commonwealth,coh005cryo,isolated,NA,NA,NA,NA,530.9291585,670,53092.91585,670,1000000,,,
4,5,2018,Darcy et al,Island Biogeography of Cryoconite Hole Bacteria in Antarctica's Taylor Valley and Around the World,author,cm2,no,NA,NA,NA,NA,NA,NA,OTUs,no,aqua,saline,in situ,natural,bacteria,inland_waters,antarctica,Commonwealth,coh006cryo,isolated,NA,NA,NA,NA,363.050301,778,36305.0301,778,1000000,,,
4,5,2018,Darcy et al,Island Biogeography of Cryoconite Hole Bacteria in Antarctica's Taylor Valley and Around the World,author,cm2,no,NA,NA,NA,NA,NA,NA,OTUs,no,aqua,saline,in situ,natural,bacteria,inland_waters,antarctica,Commonwealth,coh007cryo,isolated,NA,NA,NA,NA,314.1592654,625,31415.92654,625,1000000,,,
4,5,2018,Darcy et al,Island Biogeography of Cryoconite Hole Bacteria in Antarctica's Taylor Valley and Around the World,author,cm2,no,NA,NA,NA,NA,NA,NA,OTUs,no,aqua,saline,in situ,natural,bacteria,inland_waters,antarctica,Commonwealth,coh008cryo,isolated,NA,NA,NA,NA,551.5458602,651,55154.58602,651,1000000,,,
4,5,2018,Darcy et al,Island Biogeography of Cryoconite Hole Bacteria in Antarctica's Taylor Valley and Around the World,author,cm2,no,NA,NA,NA,NA,NA,NA,OTUs,no,aqua,saline,in situ,natural,bacteria,inland_waters,antarctica,Commonwealth,coh009cryo,isolated,NA,NA,NA,NA,637.9396582,767,63793.96582,767,1000000,,,
4,5,2018,Darcy et al,Island Biogeography of Cryoconite Hole Bacteria in Antarctica's Taylor Valley and Around the World,author,cm2,no,NA,NA,NA,NA,NA,NA,OTUs,no,aqua,saline,in situ,natural,bacteria,inland_waters,antarctica,Commonwealth,coh010cryo,isolated,NA,NA,NA,NA,706.8583471,822,70685.83471,822,1000000,,,
4,5,2018,Darcy et al,Island Biogeography of Cryoconite Hole Bacteria in Antarctica's Taylor Valley and Around the World,author,cm2,no,NA,NA,NA,NA,NA,NA,OTUs,no,aqua,saline,in situ,natural,bacteria,inland_waters,antarctica,Commonwealth,coh011cryo,isolated,NA,NA,NA,NA,510.7051557,700,51070.51557,700,1000000,,,
4,5,2018,Darcy et al,Island Biogeography of Cryoconite Hole Bacteria in Antarctica's Taylor Valley and Around the World,author,cm2,no,NA,NA,NA,NA,NA,NA,OTUs,no,aqua,saline,in situ,natural,bacteria,inland_waters,antarctica,Commonwealth,coh012cryo,isolated,NA,NA,NA,NA,283.528737,546,28352.8737,546,1000000,,,
4,5,2018,Darcy et al,Island Biogeography of Cryoconite Hole Bacteria in Antarctica's Taylor Valley and Around the World,author,cm2,no,NA,NA,NA,NA,NA,NA,OTUs,no,aqua,saline,in situ,natural,bacteria,inland_waters,antarctica,Commonwealth,coh013cryo,isolated,NA,NA,NA,NA,330.0635782,823,33006.35782,823,1000000,,,
4,5,2018,Darcy et al,Island Biogeography of Cryoconite Hole Bacteria in Antarctica's Taylor Valley and Around the World,author,cm2,no,NA,NA,NA,NA,NA,NA,OTUs,no,aqua,saline,in situ,natural,bacteria,inland_waters,antarctica,Commonwealth,coh014cryo,isolated,NA,NA,NA,NA,254.4690049,817,25446.90049,817,1000000,,,
4,5,2018,Darcy et al,Island Biogeography of Cryoconite Hole Bacteria in Antarctica's Taylor Valley and Around the World,author,cm2,no,NA,NA,NA,NA,NA,NA,OTUs,no,aqua,saline,in situ,natural,bacteria,inland_waters,antarctica,Commonwealth,coh015cryo,isolated,NA,NA,NA,NA,637.9396582,808,63793.96582,808,1000000,,,
4,5,2018,Darcy et al,Island Biogeography of Cryoconite Hole Bacteria in Antarctica's Taylor Valley and Around the World,author,cm2,no,NA,NA,NA,NA,NA,NA,OTUs,no,aqua,saline,in situ,natural,bacteria,inland_waters,antarctica,Commonwealth,coh016cryo,isolated,NA,NA,NA,NA,510.7051557,745,51070.51557,745,1000000,,,
4,5,2018,Darcy et al,Island Biogeography of Cryoconite Hole Bacteria in Antarctica's Taylor Valley and Around the World,author,cm2,no,NA,NA,NA,NA,NA,NA,OTUs,no,aqua,saline,in situ,natural,bacteria,inland_waters,antarctica,Commonwealth,coh017cryo,isolated,NA,NA,NA,NA,298.6476516,764,29864.76516,764,1000000,,,
4,5,2018,Darcy et al,Island Biogeography of Cryoconite Hole Bacteria in Antarctica's Taylor Valley and Around the World,author,cm2,no,NA,NA,NA,NA,NA,NA,OTUs,no,aqua,saline,in situ,natural,bacteria,inland_waters,antarctica,Commonwealth,coh018cryo,isolated,NA,NA,NA,NA,314.1592654,662,31415.92654,662,1000000,,,
4,5,2018,Darcy et al,Island Biogeography of Cryoconite Hole Bacteria in Antarctica's Taylor Valley and Around the World,author,cm2,no,NA,NA,NA,NA,NA,NA,OTUs,no,aqua,saline,in situ,natural,bacteria,inland_waters,antarctica,Commonwealth,coh019cryo,isolated,NA,NA,NA,NA,380.1327111,781,38013.27111,781,1000000,,,
4,5,2018,Darcy et al,Island Biogeography of Cryoconite Hole Bacteria in Antarctica's Taylor Valley and Around the World,author,cm2,no,NA,NA,NA,NA,NA,NA,OTUs,no,aqua,saline,in situ,natural,bacteria,inland_waters,antarctica,Commonwealth,coh020cryo,isolated,NA,NA,NA,NA,314.1592654,781,31415.92654,781,1000000,,,
4,5,2018,Darcy et al,Island Biogeography of Cryoconite Hole Bacteria in Antarctica's Taylor Valley and Around the World,author,cm2,no,NA,NA,NA,NA,NA,NA,OTUs,no,aqua,saline,in situ,natural,bacteria,inland_waters,antarctica,Commonwealth,coh021cryo,isolated,NA,NA,NA,NA,415.4756284,846,41547.56284,846,1000000,,,
4,5,2018,Darcy et al,Island Biogeography of Cryoconite Hole Bacteria in Antarctica's Taylor Valley and Around the World,author,cm2,no,NA,NA,NA,NA,NA,NA,OTUs,no,aqua,saline,in situ,natural,bacteria,inland_waters,antarctica,Commonwealth,coh022cryo,isolated,NA,NA,NA,NA,433.7361357,821,43373.61357,821,1000000,,,
4,5,2018,Darcy et al,Island Biogeography of Cryoconite Hole Bacteria in Antarctica's Taylor Valley and Around the World,author,cm2,no,NA,NA,NA,NA,NA,NA,OTUs,no,aqua,saline,in situ,natural,bacteria,inland_waters,antarctica,Commonwealth,coh023cryo,isolated,NA,NA,NA,NA,314.1592654,792,31415.92654,792,1000000,,,
4,5,2018,Darcy et al,Island Biogeography of Cryoconite Hole Bacteria in Antarctica's Taylor Valley and Around the World,author,cm2,no,NA,NA,NA,NA,NA,NA,OTUs,no,aqua,saline,in situ,natural,bacteria,inland_waters,antarctica,Commonwealth,coh024cryo,isolated,NA,NA,NA,NA,452.3893421,721,45238.93421,721,1000000,,,
4,5,2018,Darcy et al,Island Biogeography of Cryoconite Hole Bacteria in Antarctica's Taylor Valley and Around the World,author,cm2,no,NA,NA,NA,NA,NA,NA,OTUs,no,aqua,saline,in situ,natural,bacteria,inland_waters,antarctica,Commonwealth,coh025cryo,isolated,NA,NA,NA,NA,471.4352476,767,47143.52476,767,1000000,,,
4,5,2018,Darcy et al,Island Biogeography of Cryoconite Hole Bacteria in Antarctica's Taylor Valley and Around the World,author,cm2,no,NA,NA,NA,NA,NA,NA,OTUs,no,aqua,saline,in situ,natural,bacteria,inland_waters,antarctica,Commonwealth,coh026cryo,isolated,NA,NA,NA,NA,363.050301,829,36305.0301,829,1000000,,,
4,5,2018,Darcy et al,Island Biogeography of Cryoconite Hole Bacteria in Antarctica's Taylor Valley and Around the World,author,cm2,no,NA,NA,NA,NA,NA,NA,OTUs,no,aqua,saline,in situ,natural,bacteria,inland_waters,antarctica,Commonwealth,coh027cryo,isolated,NA,NA,NA,NA,490.8738521,644,49087.38521,644,1000000,,,
4,5,2018,Darcy et al,Island Biogeography of Cryoconite Hole Bacteria in Antarctica's Taylor Valley and Around the World,author,cm2,no,NA,NA,NA,NA,NA,NA,OTUs,no,aqua,saline,in situ,natural,bacteria,inland_waters,antarctica,Commonwealth,coh028cryo,isolated,NA,NA,NA,NA,490.8738521,690,49087.38521,690,1000000,,,
4,5,2018,Darcy et al,Island Biogeography of Cryoconite Hole Bacteria in Antarctica's Taylor Valley and Around the World,author,cm2,no,NA,NA,NA,NA,NA,NA,OTUs,no,aqua,saline,in situ,natural,bacteria,inland_waters,antarctica,Commonwealth,coh029cryo,isolated,NA,NA,NA,NA,572.5552611,609,57255.52611,609,1000000,,,
4,5,2018,Darcy et al,Island Biogeography of Cryoconite Hole Bacteria in Antarctica's Taylor Valley and Around the World,author,cm2,no,NA,NA,NA,NA,NA,NA,OTUs,no,aqua,saline,in situ,natural,bacteria,inland_waters,antarctica,Commonwealth,coh030cryo,isolated,NA,NA,NA,NA,510.7051557,787,51070.51557,787,1000000,,,
4,5,2018,Darcy et al,Island Biogeography of Cryoconite Hole Bacteria in Antarctica's Taylor Valley and Around the World,author,cm2,no,NA,NA,NA,NA,NA,NA,OTUs,no,aqua,saline,in situ,natural,bacteria,inland_waters,antarctica,Taylor,tar001cryo,isolated,NA,NA,NA,NA,283.528737,569,28352.8737,569,1000000,,,
4,5,2018,Darcy et al,Island Biogeography of Cryoconite Hole Bacteria in Antarctica's Taylor Valley and Around the World,author,cm2,no,NA,NA,NA,NA,NA,NA,OTUs,no,aqua,saline,in situ,natural,bacteria,inland_waters,antarctica,Taylor,tar002cryo,isolated,NA,NA,NA,NA,471.4352476,420,47143.52476,420,1000000,,,
4,5,2018,Darcy et al,Island Biogeography of Cryoconite Hole Bacteria in Antarctica's Taylor Valley and Around the World,author,cm2,no,NA,NA,NA,NA,NA,NA,OTUs,no,aqua,saline,in situ,natural,bacteria,inland_waters,antarctica,Taylor,tar003cryo,isolated,NA,NA,NA,NA,397.6078202,559,39760.78202,559,1000000,,,
4,5,2018,Darcy et al,Island Biogeography of Cryoconite Hole Bacteria in Antarctica's Taylor Valley and Around the World,author,cm2,no,NA,NA,NA,NA,NA,NA,OTUs,no,aqua,saline,in situ,natural,bacteria,inland_waters,antarctica,Taylor,tar004cryo,isolated,NA,NA,NA,NA,530.9291585,548,53092.91585,548,1000000,,,
4,5,2018,Darcy et al,Island Biogeography of Cryoconite Hole Bacteria in Antarctica's Taylor Valley and Around the World,author,cm2,no,NA,NA,NA,NA,NA,NA,OTUs,no,aqua,saline,in situ,natural,bacteria,inland_waters,antarctica,Taylor,tar005cryo,isolated,NA,NA,NA,NA,551.5458602,565,55154.58602,565,1000000,,,
4,5,2018,Darcy et al,Island Biogeography of Cryoconite Hole Bacteria in Antarctica's Taylor Valley and Around the World,author,cm2,no,NA,NA,NA,NA,NA,NA,OTUs,no,aqua,saline,in situ,natural,bacteria,inland_waters,antarctica,Taylor,tar006cryo,isolated,NA,NA,NA,NA,433.7361357,466,43373.61357,466,1000000,,,
4,5,2018,Darcy et al,Island Biogeography of Cryoconite Hole Bacteria in Antarctica's Taylor Valley and Around the World,author,cm2,no,NA,NA,NA,NA,NA,NA,OTUs,no,aqua,saline,in situ,natural,bacteria,inland_waters,antarctica,Taylor,tar007cryo,isolated,NA,NA,NA,NA,346.3605901,474,34636.05901,474,1000000,,,
4,5,2018,Darcy et al,Island Biogeography of Cryoconite Hole Bacteria in Antarctica's Taylor Valley and Around the World,author,cm2,no,NA,NA,NA,NA,NA,NA,OTUs,no,aqua,saline,in situ,natural,bacteria,inland_waters,antarctica,Taylor,tar008cryo,isolated,NA,NA,NA,NA,433.7361357,405,43373.61357,405,1000000,,,
4,5,2018,Darcy et al,Island Biogeography of Cryoconite Hole Bacteria in Antarctica's Taylor Valley and Around the World,author,cm2,no,NA,NA,NA,NA,NA,NA,OTUs,no,aqua,saline,in situ,natural,bacteria,inland_waters,antarctica,Taylor,tar009cryo,isolated,NA,NA,NA,NA,254.4690049,347,25446.90049,347,1000000,,,
4,5,2018,Darcy et al,Island Biogeography of Cryoconite Hole Bacteria in Antarctica's Taylor Valley and Around the World,author,cm2,no,NA,NA,NA,NA,NA,NA,OTUs,no,aqua,saline,in situ,natural,bacteria,inland_waters,antarctica,Taylor,tar010cryo,isolated,NA,NA,NA,NA,471.4352476,482,47143.52476,482,1000000,,,
4,5,2018,Darcy et al,Island Biogeography of Cryoconite Hole Bacteria in Antarctica's Taylor Valley and Around the World,author,cm2,no,NA,NA,NA,NA,NA,NA,OTUs,no,aqua,saline,in situ,natural,bacteria,inland_waters,antarctica,Taylor,tar011cryo,isolated,NA,NA,NA,NA,330.0635782,393,33006.35782,393,1000000,,,
4,5,2018,Darcy et al,Island Biogeography of Cryoconite Hole Bacteria in Antarctica's Taylor Valley and Around the World,author,cm2,no,NA,NA,NA,NA,NA,NA,OTUs,no,aqua,saline,in situ,natural,bacteria,inland_waters,antarctica,Taylor,tar012cryo,isolated,NA,NA,NA,NA,330.0635782,397,33006.35782,397,1000000,,,
4,5,2018,Darcy et al,Island Biogeography of Cryoconite Hole Bacteria in Antarctica's Taylor Valley and Around the World,author,cm2,no,NA,NA,NA,NA,NA,NA,OTUs,no,aqua,saline,in situ,natural,bacteria,inland_waters,antarctica,Taylor,tar013cryo,isolated,NA,NA,NA,NA,415.4756284,415,41547.56284,415,1000000,,,
4,5,2018,Darcy et al,Island Biogeography of Cryoconite Hole Bacteria in Antarctica's Taylor Valley and Around the World,author,cm2,no,NA,NA,NA,NA,NA,NA,OTUs,no,aqua,saline,in situ,natural,bacteria,inland_waters,antarctica,Taylor,tar014cryo,isolated,NA,NA,NA,NA,346.3605901,460,34636.05901,460,1000000,,,
4,5,2018,Darcy et al,Island Biogeography of Cryoconite Hole Bacteria in Antarctica's Taylor Valley and Around the World,author,cm2,no,NA,NA,NA,NA,NA,NA,OTUs,no,aqua,saline,in situ,natural,bacteria,inland_waters,antarctica,Taylor,tar015cryo,isolated,NA,NA,NA,NA,314.1592654,497,31415.92654,497,1000000,,,
4,5,2018,Darcy et al,Island Biogeography of Cryoconite Hole Bacteria in Antarctica's Taylor Valley and Around the World,author,cm2,no,NA,NA,NA,NA,NA,NA,OTUs,no,aqua,saline,in situ,natural,bacteria,inland_waters,antarctica,Taylor,tar016cryo,isolated,NA,NA,NA,NA,330.0635782,525,33006.35782,525,1000000,,,
4,5,2018,Darcy et al,Island Biogeography of Cryoconite Hole Bacteria in Antarctica's Taylor Valley and Around the World,author,cm2,no,NA,NA,NA,NA,NA,NA,OTUs,no,aqua,saline,in situ,natural,bacteria,inland_waters,antarctica,Taylor,tar017cryo,isolated,NA,NA,NA,NA,254.4690049,309,25446.90049,309,1000000,,,
4,5,2018,Darcy et al,Island Biogeography of Cryoconite Hole Bacteria in Antarctica's Taylor Valley and Around the World,author,cm2,no,NA,NA,NA,NA,NA,NA,OTUs,no,aqua,saline,in situ,natural,bacteria,inland_waters,antarctica,Taylor,tar018cryo,isolated,NA,NA,NA,NA,314.1592654,405,31415.92654,405,1000000,,,
4,5,2018,Darcy et al,Island Biogeography of Cryoconite Hole Bacteria in Antarctica's Taylor Valley and Around the World,author,cm2,no,NA,NA,NA,NA,NA,NA,OTUs,no,aqua,saline,in situ,natural,bacteria,inland_waters,antarctica,Taylor,tar019cryo,isolated,NA,NA,NA,NA,283.528737,340,28352.8737,340,1000000,,,
4,5,2018,Darcy et al,Island Biogeography of Cryoconite Hole Bacteria in Antarctica's Taylor Valley and Around the World,author,cm2,no,NA,NA,NA,NA,NA,NA,OTUs,no,aqua,saline,in situ,natural,bacteria,inland_waters,antarctica,Taylor,tar020cryo,isolated,NA,NA,NA,NA,254.4690049,448,25446.90049,448,1000000,,,
4,5,2018,Darcy et al,Island Biogeography of Cryoconite Hole Bacteria in Antarctica's Taylor Valley and Around the World,author,cm2,no,NA,NA,NA,NA,NA,NA,OTUs,no,aqua,saline,in situ,natural,bacteria,inland_waters,antarctica,Taylor,tar021cryo,isolated,NA,NA,NA,NA,397.6078202,480,39760.78202,480,1000000,,,
4,5,2018,Darcy et al,Island Biogeography of Cryoconite Hole Bacteria in Antarctica's Taylor Valley and Around the World,author,cm2,no,NA,NA,NA,NA,NA,NA,OTUs,no,aqua,saline,in situ,natural,bacteria,inland_waters,antarctica,Taylor,tar022cryo,isolated,NA,NA,NA,NA,314.1592654,382,31415.92654,382,1000000,,,
4,5,2018,Darcy et al,Island Biogeography of Cryoconite Hole Bacteria in Antarctica's Taylor Valley and Around the World,author,cm2,no,NA,NA,NA,NA,NA,NA,OTUs,no,aqua,saline,in situ,natural,bacteria,inland_waters,antarctica,Taylor,tar023cryo,isolated,NA,NA,NA,NA,240.5281875,436,24052.81875,436,1000000,,,
4,5,2018,Darcy et al,Island Biogeography of Cryoconite Hole Bacteria in Antarctica's Taylor Valley and Around the World,author,cm2,no,NA,NA,NA,NA,NA,NA,OTUs,no,aqua,saline,in situ,natural,bacteria,inland_waters,antarctica,Taylor,tar024cryo,isolated,NA,NA,NA,NA,254.4690049,454,25446.90049,454,1000000,,,
4,5,2018,Darcy et al,Island Biogeography of Cryoconite Hole Bacteria in Antarctica's Taylor Valley and Around the World,author,cm2,no,NA,NA,NA,NA,NA,NA,OTUs,no,aqua,saline,in situ,natural,bacteria,inland_waters,antarctica,Taylor,tar025cryo,isolated,NA,NA,NA,NA,452.3893421,368,45238.93421,368,1000000,,,
4,5,2018,Darcy et al,Island Biogeography of Cryoconite Hole Bacteria in Antarctica's Taylor Valley and Around the World,author,cm2,no,NA,NA,NA,NA,NA,NA,OTUs,no,aqua,saline,in situ,natural,bacteria,inland_waters,antarctica,Taylor,tar026cryo,isolated,NA,NA,NA,NA,490.8738521,497,49087.38521,497,1000000,,,
4,5,2018,Darcy et al,Island Biogeography of Cryoconite Hole Bacteria in Antarctica's Taylor Valley and Around the World,author,cm2,no,NA,NA,NA,NA,NA,NA,OTUs,no,aqua,saline,in situ,natural,bacteria,inland_waters,antarctica,Taylor,tar027cryo,isolated,NA,NA,NA,NA,490.8738521,543,49087.38521,543,1000000,,,
4,5,2018,Darcy et al,Island Biogeography of Cryoconite Hole Bacteria in Antarctica's Taylor Valley and Around the World,author,cm2,no,NA,NA,NA,NA,NA,NA,OTUs,no,aqua,saline,in situ,natural,bacteria,inland_waters,antarctica,Taylor,tar028cryo,isolated,NA,NA,NA,NA,380.1327111,451,38013.27111,451,1000000,,,
4,5,2018,Darcy et al,Island Biogeography of Cryoconite Hole Bacteria in Antarctica's Taylor Valley and Around the World,author,cm2,no,NA,NA,NA,NA,NA,NA,OTUs,no,aqua,saline,in situ,natural,bacteria,inland_waters,antarctica,Taylor,tar029cryo,isolated,NA,NA,NA,NA,283.528737,333,28352.8737,333,1000000,,,
4,5,2018,Darcy et al,Island Biogeography of Cryoconite Hole Bacteria in Antarctica's Taylor Valley and Around the World,author,cm2,no,NA,NA,NA,NA,NA,NA,OTUs,no,aqua,saline,in situ,natural,bacteria,inland_waters,antarctica,Taylor,tar030cryo,isolated,NA,NA,NA,NA,363.050301,453,36305.0301,453,1000000,,,
4,6,2018,Darcy et al,Island Biogeography of Cryoconite Hole Bacteria in Antarctica's Taylor Valley and Around the World,author,cm2,no,NA,NA,NA,NA,NA,NA,OTUs,no,aqua,saline,in situ,natural,eukaryotes,inland_waters,antarctica,Canada,caa001cryo,isolated,NA,NA,NA,NA,615.7521601,153,61575.21601,153,45000,,https://academic.oup.com/femsec/article/82/2/254/496223 - guess taken from this paper,
4,6,2018,Darcy et al,Island Biogeography of Cryoconite Hole Bacteria in Antarctica's Taylor Valley and Around the World,author,cm2,no,NA,NA,NA,NA,NA,NA,OTUs,no,aqua,saline,in situ,natural,eukaryotes,inland_waters,antarctica,Canada,caa002cryo,isolated,NA,NA,NA,NA,572.5552611,228,57255.52611,228,45000,,,
4,6,2018,Darcy et al,Island Biogeography of Cryoconite Hole Bacteria in Antarctica's Taylor Valley and Around the World,author,cm2,no,NA,NA,NA,NA,NA,NA,OTUs,no,aqua,saline,in situ,natural,eukaryotes,inland_waters,antarctica,Canada,caa003cryo,isolated,NA,NA,NA,NA,530.9291585,183,53092.91585,183,45000,,,
4,6,2018,Darcy et al,Island Biogeography of Cryoconite Hole Bacteria in Antarctica's Taylor Valley and Around the World,author,cm2,no,NA,NA,NA,NA,NA,NA,OTUs,no,aqua,saline,in situ,natural,eukaryotes,inland_waters,antarctica,Canada,caa004cryo,isolated,NA,NA,NA,NA,452.3893421,155,45238.93421,155,45000,,,
4,6,2018,Darcy et al,Island Biogeography of Cryoconite Hole Bacteria in Antarctica's Taylor Valley and Around the World,author,cm2,no,NA,NA,NA,NA,NA,NA,OTUs,no,aqua,saline,in situ,natural,eukaryotes,inland_waters,antarctica,Canada,caa005cryo,isolated,NA,NA,NA,NA,261.5866758,121,26158.66758,121,45000,,,
4,6,2018,Darcy et al,Island Biogeography of Cryoconite Hole Bacteria in Antarctica's Taylor Valley and Around the World,author,cm2,no,NA,NA,NA,NA,NA,NA,OTUs,no,aqua,saline,in situ,natural,eukaryotes,inland_waters,antarctica,Canada,caa006cryo,isolated,NA,NA,NA,NA,397.6078202,148,39760.78202,148,45000,,,
4,6,2018,Darcy et al,Island Biogeography of Cryoconite Hole Bacteria in Antarctica's Taylor Valley and Around the World,author,cm2,no,NA,NA,NA,NA,NA,NA,OTUs,no,aqua,saline,in situ,natural,eukaryotes,inland_waters,antarctica,Canada,caa007cryo,isolated,NA,NA,NA,NA,397.6078202,123,39760.78202,123,45000,,,
4,6,2018,Darcy et al,Island Biogeography of Cryoconite Hole Bacteria in Antarctica's Taylor Valley and Around the World,author,cm2,no,NA,NA,NA,NA,NA,NA,OTUs,no,aqua,saline,in situ,natural,eukaryotes,inland_waters,antarctica,Canada,caa008cryo,isolated,NA,NA,NA,NA,283.528737,86,28352.8737,86,45000,,,
4,6,2018,Darcy et al,Island Biogeography of Cryoconite Hole Bacteria in Antarctica's Taylor Valley and Around the World,author,cm2,no,NA,NA,NA,NA,NA,NA,OTUs,no,aqua,saline,in situ,natural,eukaryotes,inland_waters,antarctica,Canada,caa009cryo,isolated,NA,NA,NA,NA,490.8738521,156,49087.38521,156,45000,,,
4,6,2018,Darcy et al,Island Biogeography of Cryoconite Hole Bacteria in Antarctica's Taylor Valley and Around the World,author,cm2,no,NA,NA,NA,NA,NA,NA,OTUs,no,aqua,saline,in situ,natural,eukaryotes,inland_waters,antarctica,Canada,caa010cryo,isolated,NA,NA,NA,NA,510.7051557,143,51070.51557,143,45000,,,
4,6,2018,Darcy et al,Island Biogeography of Cryoconite Hole Bacteria in Antarctica's Taylor Valley and Around the World,author,cm2,no,NA,NA,NA,NA,NA,NA,OTUs,no,aqua,saline,in situ,natural,eukaryotes,inland_waters,antarctica,Canada,caa011cryo,isolated,NA,NA,NA,NA,452.3893421,132,45238.93421,132,45000,,,
4,6,2018,Darcy et al,Island Biogeography of Cryoconite Hole Bacteria in Antarctica's Taylor Valley and Around the World,author,cm2,no,NA,NA,NA,NA,NA,NA,OTUs,no,aqua,saline,in situ,natural,eukaryotes,inland_waters,antarctica,Canada,caa012cryo,isolated,NA,NA,NA,NA,213.82465,81,21382.465,81,45000,,,
4,6,2018,Darcy et al,Island Biogeography of Cryoconite Hole Bacteria in Antarctica's Taylor Valley and Around the World,author,cm2,no,NA,NA,NA,NA,NA,NA,OTUs,no,aqua,saline,in situ,natural,eukaryotes,inland_waters,antarctica,Canada,caa013cryo,isolated,NA,NA,NA,NA,314.1592654,144,31415.92654,144,45000,,,
4,6,2018,Darcy et al,Island Biogeography of Cryoconite Hole Bacteria in Antarctica's Taylor Valley and Around the World,author,cm2,no,NA,NA,NA,NA,NA,NA,OTUs,no,aqua,saline,in situ,natural,eukaryotes,inland_waters,antarctica,Canada,caa014cryo,isolated,NA,NA,NA,NA,363.050301,163,36305.0301,163,45000,,,
4,6,2018,Darcy et al,Island Biogeography of Cryoconite Hole Bacteria in Antarctica's Taylor Valley and Around the World,author,cm2,no,NA,NA,NA,NA,NA,NA,OTUs,no,aqua,saline,in situ,natural,eukaryotes,inland_waters,antarctica,Canada,caa015cryo,isolated,NA,NA,NA,NA,415.4756284,142,41547.56284,142,45000,,,
4,6,2018,Darcy et al,Island Biogeography of Cryoconite Hole Bacteria in Antarctica's Taylor Valley and Around the World,author,cm2,no,NA,NA,NA,NA,NA,NA,OTUs,no,aqua,saline,in situ,natural,eukaryotes,inland_waters,antarctica,Canada,caa016cryo,isolated,NA,NA,NA,NA,254.4690049,161,25446.90049,161,45000,,,
4,6,2018,Darcy et al,Island Biogeography of Cryoconite Hole Bacteria in Antarctica's Taylor Valley and Around the World,author,cm2,no,NA,NA,NA,NA,NA,NA,OTUs,no,aqua,saline,in situ,natural,eukaryotes,inland_waters,antarctica,Canada,caa017cryo,isolated,NA,NA,NA,NA,490.8738521,176,49087.38521,176,45000,,,
4,6,2018,Darcy et al,Island Biogeography of Cryoconite Hole Bacteria in Antarctica's Taylor Valley and Around the World,author,cm2,no,NA,NA,NA,NA,NA,NA,OTUs,no,aqua,saline,in situ,natural,eukaryotes,inland_waters,antarctica,Canada,caa018cryo,isolated,NA,NA,NA,NA,415.4756284,146,41547.56284,146,45000,,,
4,6,2018,Darcy et al,Island Biogeography of Cryoconite Hole Bacteria in Antarctica's Taylor Valley and Around the World,author,cm2,no,NA,NA,NA,NA,NA,NA,OTUs,no,aqua,saline,in situ,natural,eukaryotes,inland_waters,antarctica,Canada,caa019cryo,isolated,NA,NA,NA,NA,380.1327111,118,38013.27111,118,45000,,,
4,6,2018,Darcy et al,Island Biogeography of Cryoconite Hole Bacteria in Antarctica's Taylor Valley and Around the World,author,cm2,no,NA,NA,NA,NA,NA,NA,OTUs,no,aqua,saline,in situ,natural,eukaryotes,inland_waters,antarctica,Canada,caa020cryo,isolated,NA,NA,NA,NA,176.7145868,166,17671.45868,166,45000,,,
4,6,2018,Darcy et al,Island Biogeography of Cryoconite Hole Bacteria in Antarctica's Taylor Valley and Around the World,author,cm2,no,NA,NA,NA,NA,NA,NA,OTUs,no,aqua,saline,in situ,natural,eukaryotes,inland_waters,antarctica,Canada,caa021cryo,isolated,NA,NA,NA,NA,165.1299639,160,16512.99639,160,45000,,,
4,6,2018,Darcy et al,Island Biogeography of Cryoconite Hole Bacteria in Antarctica's Taylor Valley and Around the World,author,cm2,no,NA,NA,NA,NA,NA,NA,OTUs,no,aqua,saline,in situ,natural,eukaryotes,inland_waters,antarctica,Canada,caa022cryo,isolated,NA,NA,NA,NA,433.7361357,167,43373.61357,167,45000,,,
4,6,2018,Darcy et al,Island Biogeography of Cryoconite Hole Bacteria in Antarctica's Taylor Valley and Around the World,author,cm2,no,NA,NA,NA,NA,NA,NA,OTUs,no,aqua,saline,in situ,natural,eukaryotes,inland_waters,antarctica,Canada,caa023cryo,isolated,NA,NA,NA,NA,298.6476516,127,29864.76516,127,45000,,,
4,6,2018,Darcy et al,Island Biogeography of Cryoconite Hole Bacteria in Antarctica's Taylor Valley and Around the World,author,cm2,no,NA,NA,NA,NA,NA,NA,OTUs,no,aqua,saline,in situ,natural,eukaryotes,inland_waters,antarctica,Canada,caa024cryo,isolated,NA,NA,NA,NA,346.3605901,122,34636.05901,122,45000,,,
4,6,2018,Darcy et al,Island Biogeography of Cryoconite Hole Bacteria in Antarctica's Taylor Valley and Around the World,author,cm2,no,NA,NA,NA,NA,NA,NA,OTUs,no,aqua,saline,in situ,natural,eukaryotes,inland_waters,antarctica,Canada,caa025cryo,isolated,NA,NA,NA,NA,283.528737,142,28352.8737,142,45000,,,
4,6,2018,Darcy et al,Island Biogeography of Cryoconite Hole Bacteria in Antarctica's Taylor Valley and Around the World,author,cm2,no,NA,NA,NA,NA,NA,NA,OTUs,no,aqua,saline,in situ,natural,eukaryotes,inland_waters,antarctica,Canada,caa026cryo,isolated,NA,NA,NA,NA,132.7322896,99,13273.22896,99,45000,,,
4,6,2018,Darcy et al,Island Biogeography of Cryoconite Hole Bacteria in Antarctica's Taylor Valley and Around the World,author,cm2,no,NA,NA,NA,NA,NA,NA,OTUs,no,aqua,saline,in situ,natural,eukaryotes,inland_waters,antarctica,Canada,caa027cryo,isolated,NA,NA,NA,NA,330.0635782,169,33006.35782,169,45000,,,
4,6,2018,Darcy et al,Island Biogeography of Cryoconite Hole Bacteria in Antarctica's Taylor Valley and Around the World,author,cm2,no,NA,NA,NA,NA,NA,NA,OTUs,no,aqua,saline,in situ,natural,eukaryotes,inland_waters,antarctica,Canada,caa028cryo,isolated,NA,NA,NA,NA,283.528737,212,28352.8737,212,45000,,,
4,6,2018,Darcy et al,Island Biogeography of Cryoconite Hole Bacteria in Antarctica's Taylor Valley and Around the World,author,cm2,no,NA,NA,NA,NA,NA,NA,OTUs,no,aqua,saline,in situ,natural,eukaryotes,inland_waters,antarctica,Canada,caa029cryo,isolated,NA,NA,NA,NA,176.7145868,149,17671.45868,149,45000,,,
4,6,2018,Darcy et al,Island Biogeography of Cryoconite Hole Bacteria in Antarctica's Taylor Valley and Around the World,author,cm2,no,NA,NA,NA,NA,NA,NA,OTUs,no,aqua,saline,in situ,natural,eukaryotes,inland_waters,antarctica,Canada,caa030cryo,isolated,NA,NA,NA,NA,188.6919088,169,18869.19088,169,45000,,,
4,6,2018,Darcy et al,Island Biogeography of Cryoconite Hole Bacteria in Antarctica's Taylor Valley and Around the World,author,cm2,no,NA,NA,NA,NA,NA,NA,OTUs,no,aqua,saline,in situ,natural,eukaryotes,inland_waters,antarctica,Commonwealth,coh001cryo,isolated,NA,NA,NA,NA,254.4690049,162,25446.90049,162,45000,,,
4,6,2018,Darcy et al,Island Biogeography of Cryoconite Hole Bacteria in Antarctica's Taylor Valley and Around the World,author,cm2,no,NA,NA,NA,NA,NA,NA,OTUs,no,aqua,saline,in situ,natural,eukaryotes,inland_waters,antarctica,Commonwealth,coh002cryo,isolated,NA,NA,NA,NA,615.7521601,204,61575.21601,204,45000,,,
4,6,2018,Darcy et al,Island Biogeography of Cryoconite Hole Bacteria in Antarctica's Taylor Valley and Around the World,author,cm2,no,NA,NA,NA,NA,NA,NA,OTUs,no,aqua,saline,in situ,natural,eukaryotes,inland_waters,antarctica,Commonwealth,coh003cryo,isolated,NA,NA,NA,NA,754.767635,196,75476.7635,196,45000,,,
4,6,2018,Darcy et al,Island Biogeography of Cryoconite Hole Bacteria in Antarctica's Taylor Valley and Around the World,author,cm2,no,NA,NA,NA,NA,NA,NA,OTUs,no,aqua,saline,in situ,natural,eukaryotes,inland_waters,antarctica,Commonwealth,coh004cryo,isolated,NA,NA,NA,NA,397.6078202,205,39760.78202,205,45000,,,
4,6,2018,Darcy et al,Island Biogeography of Cryoconite Hole Bacteria in Antarctica's Taylor Valley and Around the World,author,cm2,no,NA,NA,NA,NA,NA,NA,OTUs,no,aqua,saline,in situ,natural,eukaryotes,inland_waters,antarctica,Commonwealth,coh005cryo,isolated,NA,NA,NA,NA,530.9291585,145,53092.91585,145,45000,,,
4,6,2018,Darcy et al,Island Biogeography of Cryoconite Hole Bacteria in Antarctica's Taylor Valley and Around the World,author,cm2,no,NA,NA,NA,NA,NA,NA,OTUs,no,aqua,saline,in situ,natural,eukaryotes,inland_waters,antarctica,Commonwealth,coh006cryo,isolated,NA,NA,NA,NA,363.050301,190,36305.0301,190,45000,,,
4,6,2018,Darcy et al,Island Biogeography of Cryoconite Hole Bacteria in Antarctica's Taylor Valley and Around the World,author,cm2,no,NA,NA,NA,NA,NA,NA,OTUs,no,aqua,saline,in situ,natural,eukaryotes,inland_waters,antarctica,Commonwealth,coh007cryo,isolated,NA,NA,NA,NA,314.1592654,173,31415.92654,173,45000,,,
4,6,2018,Darcy et al,Island Biogeography of Cryoconite Hole Bacteria in Antarctica's Taylor Valley and Around the World,author,cm2,no,NA,NA,NA,NA,NA,NA,OTUs,no,aqua,saline,in situ,natural,eukaryotes,inland_waters,antarctica,Commonwealth,coh008cryo,isolated,NA,NA,NA,NA,551.5458602,168,55154.58602,168,45000,,,
4,6,2018,Darcy et al,Island Biogeography of Cryoconite Hole Bacteria in Antarctica's Taylor Valley and Around the World,author,cm2,no,NA,NA,NA,NA,NA,NA,OTUs,no,aqua,saline,in situ,natural,eukaryotes,inland_waters,antarctica,Commonwealth,coh009cryo,isolated,NA,NA,NA,NA,637.9396582,190,63793.96582,190,45000,,,
4,6,2018,Darcy et al,Island Biogeography of Cryoconite Hole Bacteria in Antarctica's Taylor Valley and Around the World,author,cm2,no,NA,NA,NA,NA,NA,NA,OTUs,no,aqua,saline,in situ,natural,eukaryotes,inland_waters,antarctica,Commonwealth,coh010cryo,isolated,NA,NA,NA,NA,706.8583471,221,70685.83471,221,45000,,,
4,6,2018,Darcy et al,Island Biogeography of Cryoconite Hole Bacteria in Antarctica's Taylor Valley and Around the World,author,cm2,no,NA,NA,NA,NA,NA,NA,OTUs,no,aqua,saline,in situ,natural,eukaryotes,inland_waters,antarctica,Commonwealth,coh011cryo,isolated,NA,NA,NA,NA,510.7051557,196,51070.51557,196,45000,,,
4,6,2018,Darcy et al,Island Biogeography of Cryoconite Hole Bacteria in Antarctica's Taylor Valley and Around the World,author,cm2,no,NA,NA,NA,NA,NA,NA,OTUs,no,aqua,saline,in situ,natural,eukaryotes,inland_waters,antarctica,Commonwealth,coh012cryo,isolated,NA,NA,NA,NA,283.528737,138,28352.8737,138,45000,,,
4,6,2018,Darcy et al,Island Biogeography of Cryoconite Hole Bacteria in Antarctica's Taylor Valley and Around the World,author,cm2,no,NA,NA,NA,NA,NA,NA,OTUs,no,aqua,saline,in situ,natural,eukaryotes,inland_waters,antarctica,Commonwealth,coh013cryo,isolated,NA,NA,NA,NA,330.0635782,193,33006.35782,193,45000,,,
4,6,2018,Darcy et al,Island Biogeography of Cryoconite Hole Bacteria in Antarctica's Taylor Valley and Around the World,author,cm2,no,NA,NA,NA,NA,NA,NA,OTUs,no,aqua,saline,in situ,natural,eukaryotes,inland_waters,antarctica,Commonwealth,coh014cryo,isolated,NA,NA,NA,NA,254.4690049,200,25446.90049,200,45000,,,
4,6,2018,Darcy et al,Island Biogeography of Cryoconite Hole Bacteria in Antarctica's Taylor Valley and Around the World,author,cm2,no,NA,NA,NA,NA,NA,NA,OTUs,no,aqua,saline,in situ,natural,eukaryotes,inland_waters,antarctica,Commonwealth,coh015cryo,isolated,NA,NA,NA,NA,637.9396582,182,63793.96582,182,45000,,,
4,6,2018,Darcy et al,Island Biogeography of Cryoconite Hole Bacteria in Antarctica's Taylor Valley and Around the World,author,cm2,no,NA,NA,NA,NA,NA,NA,OTUs,no,aqua,saline,in situ,natural,eukaryotes,inland_waters,antarctica,Commonwealth,coh016cryo,isolated,NA,NA,NA,NA,510.7051557,197,51070.51557,197,45000,,,
4,6,2018,Darcy et al,Island Biogeography of Cryoconite Hole Bacteria in Antarctica's Taylor Valley and Around the World,author,cm2,no,NA,NA,NA,NA,NA,NA,OTUs,no,aqua,saline,in situ,natural,eukaryotes,inland_waters,antarctica,Commonwealth,coh017cryo,isolated,NA,NA,NA,NA,298.6476516,210,29864.76516,210,45000,,,
4,6,2018,Darcy et al,Island Biogeography of Cryoconite Hole Bacteria in Antarctica's Taylor Valley and Around the World,author,cm2,no,NA,NA,NA,NA,NA,NA,OTUs,no,aqua,saline,in situ,natural,eukaryotes,inland_waters,antarctica,Commonwealth,coh018cryo,isolated,NA,NA,NA,NA,314.1592654,176,31415.92654,176,45000,,,
4,6,2018,Darcy et al,Island Biogeography of Cryoconite Hole Bacteria in Antarctica's Taylor Valley and Around the World,author,cm2,no,NA,NA,NA,NA,NA,NA,OTUs,no,aqua,saline,in situ,natural,eukaryotes,inland_waters,antarctica,Commonwealth,coh019cryo,isolated,NA,NA,NA,NA,380.1327111,166,38013.27111,166,45000,,,
4,6,2018,Darcy et al,Island Biogeography of Cryoconite Hole Bacteria in Antarctica's Taylor Valley and Around the World,author,cm2,no,NA,NA,NA,NA,NA,NA,OTUs,no,aqua,saline,in situ,natural,eukaryotes,inland_waters,antarctica,Commonwealth,coh020cryo,isolated,NA,NA,NA,NA,314.1592654,176,31415.92654,176,45000,,,
4,6,2018,Darcy et al,Island Biogeography of Cryoconite Hole Bacteria in Antarctica's Taylor Valley and Around the World,author,cm2,no,NA,NA,NA,NA,NA,NA,OTUs,no,aqua,saline,in situ,natural,eukaryotes,inland_waters,antarctica,Commonwealth,coh021cryo,isolated,NA,NA,NA,NA,415.4756284,217,41547.56284,217,45000,,,
4,6,2018,Darcy et al,Island Biogeography of Cryoconite Hole Bacteria in Antarctica's Taylor Valley and Around the World,author,cm2,no,NA,NA,NA,NA,NA,NA,OTUs,no,aqua,saline,in situ,natural,eukaryotes,inland_waters,antarctica,Commonwealth,coh022cryo,isolated,NA,NA,NA,NA,433.7361357,166,43373.61357,166,45000,,,
4,6,2018,Darcy et al,Island Biogeography of Cryoconite Hole Bacteria in Antarctica's Taylor Valley and Around the World,author,cm2,no,NA,NA,NA,NA,NA,NA,OTUs,no,aqua,saline,in situ,natural,eukaryotes,inland_waters,antarctica,Commonwealth,coh023cryo,isolated,NA,NA,NA,NA,314.1592654,190,31415.92654,190,45000,,,
4,6,2018,Darcy et al,Island Biogeography of Cryoconite Hole Bacteria in Antarctica's Taylor Valley and Around the World,author,cm2,no,NA,NA,NA,NA,NA,NA,OTUs,no,aqua,saline,in situ,natural,eukaryotes,inland_waters,antarctica,Commonwealth,coh024cryo,isolated,NA,NA,NA,NA,452.3893421,172,45238.93421,172,45000,,,
4,6,2018,Darcy et al,Island Biogeography of Cryoconite Hole Bacteria in Antarctica's Taylor Valley and Around the World,author,cm2,no,NA,NA,NA,NA,NA,NA,OTUs,no,aqua,saline,in situ,natural,eukaryotes,inland_waters,antarctica,Commonwealth,coh025cryo,isolated,NA,NA,NA,NA,471.4352476,189,47143.52476,189,45000,,,
4,6,2018,Darcy et al,Island Biogeography of Cryoconite Hole Bacteria in Antarctica's Taylor Valley and Around the World,author,cm2,no,NA,NA,NA,NA,NA,NA,OTUs,no,aqua,saline,in situ,natural,eukaryotes,inland_waters,antarctica,Commonwealth,coh026cryo,isolated,NA,NA,NA,NA,363.050301,207,36305.0301,207,45000,,,
4,6,2018,Darcy et al,Island Biogeography of Cryoconite Hole Bacteria in Antarctica's Taylor Valley and Around the World,author,cm2,no,NA,NA,NA,NA,NA,NA,OTUs,no,aqua,saline,in situ,natural,eukaryotes,inland_waters,antarctica,Commonwealth,coh027cryo,isolated,NA,NA,NA,NA,490.8738521,172,49087.38521,172,45000,,,
4,6,2018,Darcy et al,Island Biogeography of Cryoconite Hole Bacteria in Antarctica's Taylor Valley and Around the World,author,cm2,no,NA,NA,NA,NA,NA,NA,OTUs,no,aqua,saline,in situ,natural,eukaryotes,inland_waters,antarctica,Commonwealth,coh028cryo,isolated,NA,NA,NA,NA,490.8738521,179,49087.38521,179,45000,,,
4,6,2018,Darcy et al,Island Biogeography of Cryoconite Hole Bacteria in Antarctica's Taylor Valley and Around the World,author,cm2,no,NA,NA,NA,NA,NA,NA,OTUs,no,aqua,saline,in situ,natural,eukaryotes,inland_waters,antarctica,Commonwealth,coh029cryo,isolated,NA,NA,NA,NA,572.5552611,145,57255.52611,145,45000,,,
4,6,2018,Darcy et al,Island Biogeography of Cryoconite Hole Bacteria in Antarctica's Taylor Valley and Around the World,author,cm2,no,NA,NA,NA,NA,NA,NA,OTUs,no,aqua,saline,in situ,natural,eukaryotes,inland_waters,antarctica,Commonwealth,coh030cryo,isolated,NA,NA,NA,NA,510.7051557,167,51070.51557,167,45000,,,
4,6,2018,Darcy et al,Island Biogeography of Cryoconite Hole Bacteria in Antarctica's Taylor Valley and Around the World,author,cm2,no,NA,NA,NA,NA,NA,NA,OTUs,no,aqua,saline,in situ,natural,eukaryotes,inland_waters,antarctica,Taylor,tar001cryo,isolated,NA,NA,NA,NA,283.528737,132,28352.8737,132,45000,,,
4,6,2018,Darcy et al,Island Biogeography of Cryoconite Hole Bacteria in Antarctica's Taylor Valley and Around the World,author,cm2,no,NA,NA,NA,NA,NA,NA,OTUs,no,aqua,saline,in situ,natural,eukaryotes,inland_waters,antarctica,Taylor,tar002cryo,isolated,NA,NA,NA,NA,471.4352476,115,47143.52476,115,45000,,,
4,6,2018,Darcy et al,Island Biogeography of Cryoconite Hole Bacteria in Antarctica's Taylor Valley and Around the World,author,cm2,no,NA,NA,NA,NA,NA,NA,OTUs,no,aqua,saline,in situ,natural,eukaryotes,inland_waters,antarctica,Taylor,tar003cryo,isolated,NA,NA,NA,NA,397.6078202,222,39760.78202,222,45000,,,
4,6,2018,Darcy et al,Island Biogeography of Cryoconite Hole Bacteria in Antarctica's Taylor Valley and Around the World,author,cm2,no,NA,NA,NA,NA,NA,NA,OTUs,no,aqua,saline,in situ,natural,eukaryotes,inland_waters,antarctica,Taylor,tar004cryo,isolated,NA,NA,NA,NA,530.9291585,108,53092.91585,108,45000,,,
4,6,2018,Darcy et al,Island Biogeography of Cryoconite Hole Bacteria in Antarctica's Taylor Valley and Around the World,author,cm2,no,NA,NA,NA,NA,NA,NA,OTUs,no,aqua,saline,in situ,natural,eukaryotes,inland_waters,antarctica,Taylor,tar005cryo,isolated,NA,NA,NA,NA,551.5458602,131,55154.58602,131,45000,,,
4,6,2018,Darcy et al,Island Biogeography of Cryoconite Hole Bacteria in Antarctica's Taylor Valley and Around the World,author,cm2,no,NA,NA,NA,NA,NA,NA,OTUs,no,aqua,saline,in situ,natural,eukaryotes,inland_waters,antarctica,Taylor,tar006cryo,isolated,NA,NA,NA,NA,433.7361357,131,43373.61357,131,45000,,,
4,6,2018,Darcy et al,Island Biogeography of Cryoconite Hole Bacteria in Antarctica's Taylor Valley and Around the World,author,cm2,no,NA,NA,NA,NA,NA,NA,OTUs,no,aqua,saline,in situ,natural,eukaryotes,inland_waters,antarctica,Taylor,tar007cryo,isolated,NA,NA,NA,NA,346.3605901,129,34636.05901,129,45000,,,
4,6,2018,Darcy et al,Island Biogeography of Cryoconite Hole Bacteria in Antarctica's Taylor Valley and Around the World,author,cm2,no,NA,NA,NA,NA,NA,NA,OTUs,no,aqua,saline,in situ,natural,eukaryotes,inland_waters,antarctica,Taylor,tar008cryo,isolated,NA,NA,NA,NA,433.7361357,91,43373.61357,91,45000,,,
4,6,2018,Darcy et al,Island Biogeography of Cryoconite Hole Bacteria in Antarctica's Taylor Valley and Around the World,author,cm2,no,NA,NA,NA,NA,NA,NA,OTUs,no,aqua,saline,in situ,natural,eukaryotes,inland_waters,antarctica,Taylor,tar009cryo,isolated,NA,NA,NA,NA,254.4690049,74,25446.90049,74,45000,,,
4,6,2018,Darcy et al,Island Biogeography of Cryoconite Hole Bacteria in Antarctica's Taylor Valley and Around the World,author,cm2,no,NA,NA,NA,NA,NA,NA,OTUs,no,aqua,saline,in situ,natural,eukaryotes,inland_waters,antarctica,Taylor,tar010cryo,isolated,NA,NA,NA,NA,471.4352476,140,47143.52476,140,45000,,,
4,6,2018,Darcy et al,Island Biogeography of Cryoconite Hole Bacteria in Antarctica's Taylor Valley and Around the World,author,cm2,no,NA,NA,NA,NA,NA,NA,OTUs,no,aqua,saline,in situ,natural,eukaryotes,inland_waters,antarctica,Taylor,tar011cryo,isolated,NA,NA,NA,NA,330.0635782,157,33006.35782,157,45000,,,
4,6,2018,Darcy et al,Island Biogeography of Cryoconite Hole Bacteria in Antarctica's Taylor Valley and Around the World,author,cm2,no,NA,NA,NA,NA,NA,NA,OTUs,no,aqua,saline,in situ,natural,eukaryotes,inland_waters,antarctica,Taylor,tar012cryo,isolated,NA,NA,NA,NA,330.0635782,44,33006.35782,44,45000,,,
4,6,2018,Darcy et al,Island Biogeography of Cryoconite Hole Bacteria in Antarctica's Taylor Valley and Around the World,author,cm2,no,NA,NA,NA,NA,NA,NA,OTUs,no,aqua,saline,in situ,natural,eukaryotes,inland_waters,antarctica,Taylor,tar013cryo,isolated,NA,NA,NA,NA,415.4756284,79,41547.56284,79,45000,,,
4,6,2018,Darcy et al,Island Biogeography of Cryoconite Hole Bacteria in Antarctica's Taylor Valley and Around the World,author,cm2,no,NA,NA,NA,NA,NA,NA,OTUs,no,aqua,saline,in situ,natural,eukaryotes,inland_waters,antarctica,Taylor,tar014cryo,isolated,NA,NA,NA,NA,346.3605901,70,34636.05901,70,45000,,,
4,6,2018,Darcy et al,Island Biogeography of Cryoconite Hole Bacteria in Antarctica's Taylor Valley and Around the World,author,cm2,no,NA,NA,NA,NA,NA,NA,OTUs,no,aqua,saline,in situ,natural,eukaryotes,inland_waters,antarctica,Taylor,tar015cryo,isolated,NA,NA,NA,NA,314.1592654,149,31415.92654,149,45000,,,
4,6,2018,Darcy et al,Island Biogeography of Cryoconite Hole Bacteria in Antarctica's Taylor Valley and Around the World,author,cm2,no,NA,NA,NA,NA,NA,NA,OTUs,no,aqua,saline,in situ,natural,eukaryotes,inland_waters,antarctica,Taylor,tar016cryo,isolated,NA,NA,NA,NA,330.0635782,105,33006.35782,105,45000,,,
4,6,2018,Darcy et al,Island Biogeography of Cryoconite Hole Bacteria in Antarctica's Taylor Valley and Around the World,author,cm2,no,NA,NA,NA,NA,NA,NA,OTUs,no,aqua,saline,in situ,natural,eukaryotes,inland_waters,antarctica,Taylor,tar017cryo,isolated,NA,NA,NA,NA,254.4690049,117,25446.90049,117,45000,,,
4,6,2018,Darcy et al,Island Biogeography of Cryoconite Hole Bacteria in Antarctica's Taylor Valley and Around the World,author,cm2,no,NA,NA,NA,NA,NA,NA,OTUs,no,aqua,saline,in situ,natural,eukaryotes,inland_waters,antarctica,Taylor,tar018cryo,isolated,NA,NA,NA,NA,314.1592654,109,31415.92654,109,45000,,,
4,6,2018,Darcy et al,Island Biogeography of Cryoconite Hole Bacteria in Antarctica's Taylor Valley and Around the World,author,cm2,no,NA,NA,NA,NA,NA,NA,OTUs,no,aqua,saline,in situ,natural,eukaryotes,inland_waters,antarctica,Taylor,tar019cryo,isolated,NA,NA,NA,NA,283.528737,113,28352.8737,113,45000,,,
4,6,2018,Darcy et al,Island Biogeography of Cryoconite Hole Bacteria in Antarctica's Taylor Valley and Around the World,author,cm2,no,NA,NA,NA,NA,NA,NA,OTUs,no,aqua,saline,in situ,natural,eukaryotes,inland_waters,antarctica,Taylor,tar020cryo,isolated,NA,NA,NA,NA,254.4690049,87,25446.90049,87,45000,,,
4,6,2018,Darcy et al,Island Biogeography of Cryoconite Hole Bacteria in Antarctica's Taylor Valley and Around the World,author,cm2,no,NA,NA,NA,NA,NA,NA,OTUs,no,aqua,saline,in situ,natural,eukaryotes,inland_waters,antarctica,Taylor,tar021cryo,isolated,NA,NA,NA,NA,397.6078202,136,39760.78202,136,45000,,,
4,6,2018,Darcy et al,Island Biogeography of Cryoconite Hole Bacteria in Antarctica's Taylor Valley and Around the World,author,cm2,no,NA,NA,NA,NA,NA,NA,OTUs,no,aqua,saline,in situ,natural,eukaryotes,inland_waters,antarctica,Taylor,tar022cryo,isolated,NA,NA,NA,NA,314.1592654,118,31415.92654,118,45000,,,
4,6,2018,Darcy et al,Island Biogeography of Cryoconite Hole Bacteria in Antarctica's Taylor Valley and Around the World,author,cm2,no,NA,NA,NA,NA,NA,NA,OTUs,no,aqua,saline,in situ,natural,eukaryotes,inland_waters,antarctica,Taylor,tar023cryo,isolated,NA,NA,NA,NA,240.5281875,132,24052.81875,132,45000,,,
4,6,2018,Darcy et al,Island Biogeography of Cryoconite Hole Bacteria in Antarctica's Taylor Valley and Around the World,author,cm2,no,NA,NA,NA,NA,NA,NA,OTUs,no,aqua,saline,in situ,natural,eukaryotes,inland_waters,antarctica,Taylor,tar024cryo,isolated,NA,NA,NA,NA,254.4690049,100,25446.90049,100,45000,,,
4,6,2018,Darcy et al,Island Biogeography of Cryoconite Hole Bacteria in Antarctica's Taylor Valley and Around the World,author,cm2,no,NA,NA,NA,NA,NA,NA,OTUs,no,aqua,saline,in situ,natural,eukaryotes,inland_waters,antarctica,Taylor,tar025cryo,isolated,NA,NA,NA,NA,452.3893421,92,45238.93421,92,45000,,,
4,6,2018,Darcy et al,Island Biogeography of Cryoconite Hole Bacteria in Antarctica's Taylor Valley and Around the World,author,cm2,no,NA,NA,NA,NA,NA,NA,OTUs,no,aqua,saline,in situ,natural,eukaryotes,inland_waters,antarctica,Taylor,tar026cryo,isolated,NA,NA,NA,NA,490.8738521,136,49087.38521,136,45000,,,
4,6,2018,Darcy et al,Island Biogeography of Cryoconite Hole Bacteria in Antarctica's Taylor Valley and Around the World,author,cm2,no,NA,NA,NA,NA,NA,NA,OTUs,no,aqua,saline,in situ,natural,eukaryotes,inland_waters,antarctica,Taylor,tar027cryo,isolated,NA,NA,NA,NA,490.8738521,119,49087.38521,119,45000,,,
4,6,2018,Darcy et al,Island Biogeography of Cryoconite Hole Bacteria in Antarctica's Taylor Valley and Around the World,author,cm2,no,NA,NA,NA,NA,NA,NA,OTUs,no,aqua,saline,in situ,natural,eukaryotes,inland_waters,antarctica,Taylor,tar028cryo,isolated,NA,NA,NA,NA,380.1327111,114,38013.27111,114,45000,,,
4,6,2018,Darcy et al,Island Biogeography of Cryoconite Hole Bacteria in Antarctica's Taylor Valley and Around the World,author,cm2,no,NA,NA,NA,NA,NA,NA,OTUs,no,aqua,saline,in situ,natural,eukaryotes,inland_waters,antarctica,Taylor,tar029cryo,isolated,NA,NA,NA,NA,283.528737,73,28352.8737,73,45000,,,
4,6,2018,Darcy et al,Island Biogeography of Cryoconite Hole Bacteria in Antarctica's Taylor Valley and Around the World,author,cm2,no,NA,NA,NA,NA,NA,NA,OTUs,no,aqua,saline,in situ,natural,eukaryotes,inland_waters,antarctica,Taylor,tar030cryo,isolated,NA,NA,NA,NA,363.050301,74,36305.0301,74,45000,,,
5,7,2018,Delgado-Baquerizo et al,Experimentally testing the species-habitat size relationship on soil bacteria: A proof of concept,author,cm2,no,cm,no,NA,NA,NA,NA,OTUS,no,terra,NA,lab,modified,bacteria,terrestrial,australia,soil a,NA,isolated,NA,NA,1,NA,9,413,900,413,1000000,,have emailed author for rho estimate,
5,7,2018,Delgado-Baquerizo et al,Experimentally testing the species-habitat size relationship on soil bacteria: A proof of concept,author,cm2,no,cm,no,NA,NA,NA,NA,OTUS,no,terra,NA,lab,modified,bacteria,terrestrial,australia,soil a,NA,isolated,NA,NA,1,NA,9,448,900,448,1000000,,made a guess,
5,7,2018,Delgado-Baquerizo et al,Experimentally testing the species-habitat size relationship on soil bacteria: A proof of concept,author,cm2,no,cm,no,NA,NA,NA,NA,OTUS,no,terra,NA,lab,modified,bacteria,terrestrial,australia,soil a,NA,isolated,NA,NA,1,NA,9,457,900,457,1000000,,,
5,7,2018,Delgado-Baquerizo et al,Experimentally testing the species-habitat size relationship on soil bacteria: A proof of concept,author,cm2,no,cm,no,NA,NA,NA,NA,OTUS,no,terra,NA,lab,modified,bacteria,terrestrial,australia,soil a,NA,isolated,NA,NA,1,NA,9,465,900,465,1000000,,,
5,7,2018,Delgado-Baquerizo et al,Experimentally testing the species-habitat size relationship on soil bacteria: A proof of concept,author,cm2,no,cm,no,NA,NA,NA,NA,OTUS,no,terra,NA,lab,modified,bacteria,terrestrial,australia,soil a,NA,isolated,NA,NA,1,NA,9,387,900,387,1000000,,,
5,7,2018,Delgado-Baquerizo et al,Experimentally testing the species-habitat size relationship on soil bacteria: A proof of concept,author,cm2,no,cm,no,NA,NA,NA,NA,OTUS,no,terra,NA,lab,modified,bacteria,terrestrial,australia,soil a,NA,isolated,NA,NA,1,NA,50,503,5000,503,1000000,,,
5,7,2018,Delgado-Baquerizo et al,Experimentally testing the species-habitat size relationship on soil bacteria: A proof of concept,author,cm2,no,cm,no,NA,NA,NA,NA,OTUS,no,terra,NA,lab,modified,bacteria,terrestrial,australia,soil a,NA,isolated,NA,NA,1,NA,50,550,5000,550,1000000,,,
5,7,2018,Delgado-Baquerizo et al,Experimentally testing the species-habitat size relationship on soil bacteria: A proof of concept,author,cm2,no,cm,no,NA,NA,NA,NA,OTUS,no,terra,NA,lab,modified,bacteria,terrestrial,australia,soil a,NA,isolated,NA,NA,1,NA,50,517,5000,517,1000000,,,
5,7,2018,Delgado-Baquerizo et al,Experimentally testing the species-habitat size relationship on soil bacteria: A proof of concept,author,cm2,no,cm,no,NA,NA,NA,NA,OTUS,no,terra,NA,lab,modified,bacteria,terrestrial,australia,soil a,NA,isolated,NA,NA,1,NA,50,502,5000,502,1000000,,,
5,7,2018,Delgado-Baquerizo et al,Experimentally testing the species-habitat size relationship on soil bacteria: A proof of concept,author,cm2,no,cm,no,NA,NA,NA,NA,OTUS,no,terra,NA,lab,modified,bacteria,terrestrial,australia,soil a,NA,isolated,NA,NA,1,NA,50,540,5000,540,1000000,,,
5,7,2018,Delgado-Baquerizo et al,Experimentally testing the species-habitat size relationship on soil bacteria: A proof of concept,author,cm2,no,cm,no,NA,NA,NA,NA,OTUS,no,terra,NA,lab,modified,bacteria,terrestrial,australia,soil a,NA,isolated,NA,NA,1,NA,150,599,15000,599,1000000,,,
5,7,2018,Delgado-Baquerizo et al,Experimentally testing the species-habitat size relationship on soil bacteria: A proof of concept,author,cm2,no,cm,no,NA,NA,NA,NA,OTUS,no,terra,NA,lab,modified,bacteria,terrestrial,australia,soil a,NA,isolated,NA,NA,1,NA,150,584,15000,584,1000000,,,
5,7,2018,Delgado-Baquerizo et al,Experimentally testing the species-habitat size relationship on soil bacteria: A proof of concept,author,cm2,no,cm,no,NA,NA,NA,NA,OTUS,no,terra,NA,lab,modified,bacteria,terrestrial,australia,soil a,NA,isolated,NA,NA,1,NA,150,602,15000,602,1000000,,,
5,7,2018,Delgado-Baquerizo et al,Experimentally testing the species-habitat size relationship on soil bacteria: A proof of concept,author,cm2,no,cm,no,NA,NA,NA,NA,OTUS,no,terra,NA,lab,modified,bacteria,terrestrial,australia,soil a,NA,isolated,NA,NA,1,NA,150,526,15000,526,1000000,,,
5,7,2018,Delgado-Baquerizo et al,Experimentally testing the species-habitat size relationship on soil bacteria: A proof of concept,author,cm2,no,cm,no,NA,NA,NA,NA,OTUS,no,terra,NA,lab,modified,bacteria,terrestrial,australia,soil a,NA,isolated,NA,NA,1,NA,150,641,15000,641,1000000,,,
5,7,2018,Delgado-Baquerizo et al,Experimentally testing the species-habitat size relationship on soil bacteria: A proof of concept,author,cm2,no,cm,no,NA,NA,NA,NA,OTUS,no,terra,NA,lab,modified,bacteria,terrestrial,australia,soil b,NA,isolated,NA,NA,1,NA,9,525,900,525,1000000,,,
5,7,2018,Delgado-Baquerizo et al,Experimentally testing the species-habitat size relationship on soil bacteria: A proof of concept,author,cm2,no,cm,no,NA,NA,NA,NA,OTUS,no,terra,NA,lab,modified,bacteria,terrestrial,australia,soil b,NA,isolated,NA,NA,1,NA,9,503,900,503,1000000,,,
5,7,2018,Delgado-Baquerizo et al,Experimentally testing the species-habitat size relationship on soil bacteria: A proof of concept,author,cm2,no,cm,no,NA,NA,NA,NA,OTUS,no,terra,NA,lab,modified,bacteria,terrestrial,australia,soil b,NA,isolated,NA,NA,1,NA,9,547,900,547,1000000,,,
5,7,2018,Delgado-Baquerizo et al,Experimentally testing the species-habitat size relationship on soil bacteria: A proof of concept,author,cm2,no,cm,no,NA,NA,NA,NA,OTUS,no,terra,NA,lab,modified,bacteria,terrestrial,australia,soil b,NA,isolated,NA,NA,1,NA,9,554,900,554,1000000,,,
5,7,2018,Delgado-Baquerizo et al,Experimentally testing the species-habitat size relationship on soil bacteria: A proof of concept,author,cm2,no,cm,no,NA,NA,NA,NA,OTUS,no,terra,NA,lab,modified,bacteria,terrestrial,australia,soil b,NA,isolated,NA,NA,1,NA,9,542,900,542,1000000,,,
5,7,2018,Delgado-Baquerizo et al,Experimentally testing the species-habitat size relationship on soil bacteria: A proof of concept,author,cm2,no,cm,no,NA,NA,NA,NA,OTUS,no,terra,NA,lab,modified,bacteria,terrestrial,australia,soil b,NA,isolated,NA,NA,1,NA,50,621,5000,621,1000000,,,
5,7,2018,Delgado-Baquerizo et al,Experimentally testing the species-habitat size relationship on soil bacteria: A proof of concept,author,cm2,no,cm,no,NA,NA,NA,NA,OTUS,no,terra,NA,lab,modified,bacteria,terrestrial,australia,soil b,NA,isolated,NA,NA,1,NA,50,604,5000,604,1000000,,,
5,7,2018,Delgado-Baquerizo et al,Experimentally testing the species-habitat size relationship on soil bacteria: A proof of concept,author,cm2,no,cm,no,NA,NA,NA,NA,OTUS,no,terra,NA,lab,modified,bacteria,terrestrial,australia,soil b,NA,isolated,NA,NA,1,NA,50,598,5000,598,1000000,,,
5,7,2018,Delgado-Baquerizo et al,Experimentally testing the species-habitat size relationship on soil bacteria: A proof of concept,author,cm2,no,cm,no,NA,NA,NA,NA,OTUS,no,terra,NA,lab,modified,bacteria,terrestrial,australia,soil b,NA,isolated,NA,NA,1,NA,150,695,15000,695,1000000,,,
5,7,2018,Delgado-Baquerizo et al,Experimentally testing the species-habitat size relationship on soil bacteria: A proof of concept,author,cm2,no,cm,no,NA,NA,NA,NA,OTUS,no,terra,NA,lab,modified,bacteria,terrestrial,australia,soil b,NA,isolated,NA,NA,1,NA,150,743,15000,743,1000000,,,
5,7,2018,Delgado-Baquerizo et al,Experimentally testing the species-habitat size relationship on soil bacteria: A proof of concept,author,cm2,no,cm,no,NA,NA,NA,NA,OTUS,no,terra,NA,lab,modified,bacteria,terrestrial,australia,soil b,NA,isolated,NA,NA,1,NA,150,650,15000,650,1000000,,,
5,7,2018,Delgado-Baquerizo et al,Experimentally testing the species-habitat size relationship on soil bacteria: A proof of concept,author,cm2,no,cm,no,NA,NA,NA,NA,OTUS,no,terra,NA,lab,modified,bacteria,terrestrial,australia,soil b,NA,isolated,NA,NA,1,NA,150,572,15000,572,1000000,,,
5,7,2018,Delgado-Baquerizo et al,Experimentally testing the species-habitat size relationship on soil bacteria: A proof of concept,author,cm2,no,cm,no,NA,NA,NA,NA,OTUS,no,terra,NA,lab,modified,bacteria,terrestrial,australia,soil b,NA,isolated,NA,NA,1,NA,150,650,15000,650,1000000,,,